Timestamp,num_ues,IMSI,RNTI,,slicing_enabled,slice_id,slice_prb,power_multiplier,scheduling_policy,,dl_mcs,dl_n_samples,dl_buffer [bytes],tx_brate downlink [Mbps],tx_pkts downlink,tx_errors downlink (%),dl_cqi,,ul_mcs,ul_n_samples,ul_buffer [bytes],rx_brate uplink [Mbps],rx_pkts uplink,rx_errors uplink (%),ul_rssi,ul_sinr,phr,,sum_requested_prbs,sum_granted_prbs,,dl_pmi,dl_ri,ul_n,ul_turbo_iters
1720334625463,1,1010123456002,72,,1,0,50,1,1,,0,0,0,0,0,0,8.66667,,0,0,0,0,0,0,0,0,0,,0,0,,0,0,0,0
1720334625713,1,1010123456002,72,,1,0,50,1,1,,0,0,0,0,0,0,8.66667,,0,0,0,0,0,0,0,0,0,,0,0,,0,0,0,0
1720334625963,1,1010123456002,72,,1,0,50,1,1,,0,0,0,0,0,0,8.85714,,0,0,0,0,0,0,0,0,0,,0,0,,0,0,0,0
1720334626213,1,1010123456002,72,,1,0,50,1,1,,0,0,0,0,0,0,8.83333,,0,0,0,0,0,0,0,0,0,,0,0,,0,0,0,0
1720334626463,1,1010123456002,72,,1,0,50,1,1,,0,0,0,0,0,0,9,,0,0,0,0,0,0,0,0,0,,0,0,,0,0,0,0
1720334626713,1,1010123456002,72,,1,0,50,1,1,,0,0,0,0,0,0,9,,0,0,0,0,0,0,0,0,0,,0,0,,0,0,0,0
1720334626963,1,1010123456002,72,,1,0,50,1,1,,0,0,0,0,0,0,8.71429,,0,0,0,0,0,0,0,0,0,,0,0,,0,0,0,0
1720334627213,1,1010123456002,72,,1,0,50,1,1,,0,0,0,0,0,0,8.66667,,0,0,0,0,0,0,0,0,0,,0,0,,0,0,0,0
1720334627463,1,1010123456002,72,,1,0,50,1,1,,0,0,0,0,0,0,8.66667,,0,0,0,0,0,0,0,0,0,,0,0,,0,0,0,0
1720334627713,1,1010123456002,72,,1,0,50,1,1,,0,0,0,0,0,0,9,,0,0,0,0,0,0,0,0,0,,0,0,,0,0,0,0
1720334627963,1,1010123456002,72,,1,0,50,1,1,,0,0,0,0,0,0,9,,0,0,0,0,0,0,0,0,0,,0,0,,0,0,0,0
1720334628213,1,1010123456002,72,,1,0,50,1,1,,0,0,0,0,0,0,8.83333,,0,0,0,0,0,0,0,0,0,,0,0,,0,0,0,0
1720334628463,1,1010123456002,72,,1,0,50,1,1,,0,0,0,0,0,0,8.66667,,0,0,0,0,0,0,0,0,0,,0,0,,0,0,0,0
1720334628713,1,1010123456002,72,,1,0,50,1,1,,0,0,0,0,0,0,9,,0,0,0,0,0,0,0,0,0,,0,0,,0,0,0,0
1720334628963,1,1010123456002,72,,1,0,50,1,1,,0,0,0,0,0,0,8.85714,,0,0,0,0,0,0,0,0,0,,0,0,,0,0,0,0
1720334629213,1,1010123456002,72,,1,0,50,1,1,,0,0,0,0,0,0,8.5,,0,0,0,0,0,0,0,0,0,,0,0,,0,0,0,0
1720334629463,1,1010123456002,72,,1,0,50,1,1,,0,0,0,0,0,0,8.5,,0,0,0,0,0,0,0,0,0,,0,0,,0,0,0,0
1720334629713,1,1010123456002,72,,1,0,50,1,1,,0,0,0,0,0,0,8.83333,,0,0,0,0,0,0,0,0,0,,0,0,,0,0,0,0
1720334629963,1,1010123456002,72,,1,0,50,1,1,,0,0,0,0,0,0,8.71429,,0,0,0,0,0,0,0,0,0,,0,0,,0,0,0,0
1720334630213,1,1010123456002,72,,1,0,50,1,1,,0,0,0,0,0,0,8.83333,,0,0,0,0,0,0,0,0,0,,0,0,,0,0,0,0
1720334630463,1,1010123456002,72,,1,0,50,1,1,,0,0,0,0,0,0,8.83333,,0,0,0,0,0,0,0,0,0,,0,0,,0,0,0,0
1720334630713,1,1010123456002,72,,1,0,50,1,1,,0,0,0,0,0,0,8.66667,,0,0,0,0,0,0,0,0,0,,0,0,,0,0,0,0
1720334630963,1,1010123456002,72,,1,0,50,1,1,,0,0,0,0,0,0,9,,0,0,0,0,0,0,0,0,0,,0,0,,0,0,0,0
1720334631213,1,1010123456002,72,,1,0,50,1,1,,0,0,0,0,0,0,8.66667,,0,0,0,0,0,0,0,0,0,,0,0,,0,0,0,0
1720334631463,1,1010123456002,72,,1,0,50,1,1,,0,0,0,0,0,0,8.5,,0,0,0,0,0,0,0,0,0,,0,0,,0,0,0,0
1720334631713,1,1010123456002,72,,1,0,50,1,1,,0,0,0,0,0,0,8.66667,,0,0,0,0,0,0,0,0,0,,0,0,,0,0,0,0
1720334631963,1,1010123456002,72,,1,0,50,1,1,,0,0,0,0,0,0,8.85714,,0,0,0,0,0,0,0,0,0,,0,0,,0,0,0,0
1720334632213,1,1010123456002,72,,1,0,50,1,1,,0,0,0,0,0,0,8.66667,,0,0,0,0,0,0,0,0,0,,0,0,,0,0,0,0
1720334632463,1,1010123456002,72,,1,0,50,1,1,,0,0,0,0,0,0,8.33333,,0,0,0,0,0,0,0,0,0,,0,0,,0,0,0,0
1720334632713,1,1010123456002,72,,1,0,50,1,1,,0,0,0,0,0,0,8.66667,,0,0,0,0,0,0,0,0,0,,0,0,,0,0,0,0
1720334632963,1,1010123456002,72,,1,0,50,1,1,,0,0,0,0,0,0,9,,0,0,0,0,0,0,0,0,0,,0,0,,0,0,0,0
1720334633213,1,1010123456002,72,,1,0,50,1,1,,0,0,0,0,0,0,8.83333,,0,0,0,0,0,0,0,0,0,,0,0,,0,0,0,0
1720334633463,1,1010123456002,72,,1,0,50,1,1,,0,0,0,0,0,0,8.83333,,0,0,0,0,0,0,0,0,0,,0,0,,0,0,0,0
1720334633713,1,1010123456002,72,,1,0,50,1,1,,0,0,0,0,0,0,9,,0,0,0,0,0,0,0,0,0,,0,0,,0,0,0,0
1720334633963,1,1010123456002,72,,1,0,50,1,1,,0,0,0,0,0,0,8.85714,,0,0,0,0,0,0,0,0,0,,0,0,,0,0,0,0
1720334634213,1,1010123456002,72,,1,0,50,1,1,,0,0,0,0,0,0,8.66667,,0,0,0,0,0,0,0,0,0,,0,0,,0,0,0,0
1720334634463,1,1010123456002,72,,1,0,50,1,1,,0,0,0,0,0,0,8.83333,,0,0,0,0,0,0,0,0,0,,0,0,,0,0,0,0
1720334634713,1,1010123456002,72,,1,0,50,1,1,,0,0,0,0,0,0,9,,0,0,0,0,0,0,0,0,0,,0,0,,0,0,0,0
1720334634963,1,1010123456002,72,,1,0,50,1,1,,0,0,0,0,0,0,9,,0,0,0,0,0,0,0,0,0,,0,0,,0,0,0,0
1720334635213,1,1010123456002,72,,1,0,50,1,1,,0,0,0,0,0,0,8.66667,,0,0,0,0,0,0,0,0,0,,0,0,,0,0,0,0
1720334635463,1,1010123456002,72,,1,0,50,1,1,,0,0,0,0,0,0,8.66667,,0,0,0,0,0,0,0,0,0,,0,0,,0,0,0,0
1720334635713,1,1010123456002,72,,1,0,50,1,1,,0,0,0,0,0,0,8.66667,,0,0,0,0,0,0,0,0,0,,0,0,,0,0,0,0
1720334635963,1,1010123456002,72,,1,0,50,1,1,,0,0,0,0,0,0,8.42857,,0,0,0,0,0,0,0,0,0,,0,0,,0,0,0,0
1720334636213,1,1010123456002,72,,1,0,50,1,1,,0,0,0,0,0,0,8.83333,,0,0,0,0,0,0,0,0,0,,0,0,,0,0,0,0
1720334636463,1,1010123456002,72,,1,0,50,1,1,,0,0,0,0,0,0,8.83333,,0,0,0,0,0,0,0,0,0,,0,0,,0,0,0,0
1720334636713,1,1010123456002,72,,1,0,50,1,1,,0,0,0,0,0,0,9,,14.4286,7,0,0.1,2,0,0,36.4673,31,,0,0,,0,0,0,1
1720334636963,1,1010123456002,72,,1,0,50,1,1,,13.3571,126,0,0.358912,32,0,9,,14.7154,123,0,1.44957,36,0,0,32.365,31,,218,561,,0,0,0,1
1720334637213,1,1010123456002,72,,1,0,50,1,1,,13.16,25,0,0.034944,11,0,8.66667,,12.3,20,0,0.1,6,0,0,36.4368,31,,21,21,,0,0,0,1
1720334637463,1,1010123456002,72,,1,0,50,1,1,,13.7917,360,28434,4.60746,94,0,8.16667,,15.625,104,0,1.38547,30,0,0,31.5658,31,,4977,5264,,0,0,0,1
1720334637713,1,1010123456002,72,,1,0,50,1,1,,13.8117,818,51241,11.5139,232,0,7.66667,,15.7632,152,0,2.18176,44,0,0,31.01,31,,12131,12187,,0,0,0,1
1720334637963,1,1010123456002,72,,1,0,50,1,1,,12.4612,824,61553,9.84874,233,0,7.14286,,15.2857,119,0,1.37466,34,0,0,32.1085,31,,12500,12500,,0,0,0,1
1720334638213,1,1010123456002,72,,1,0,50,1,1,,13.8155,824,143708,11.399,234,0,7.66667,,15.6842,114,0,1.5871,33,0,0,31.246,31,,12365,12450,,0,0,0,1
1720334638463,1,1010123456002,72,,1,0,50,1,1,,13.7267,816,123367,11.3232,230,0,7.66667,,15.2,90,0,1.0023,26,0,0,32.3313,31,,12048,12165,,0,0,0,1
1720334638713,1,1010123456002,72,,1,0,50,1,1,,12,827,121291,9.27763,234,0,7,,15.6346,104,0,1.43107,30,0,0,31.2353,31,,12500,12500,,0,0,0,1
1720334638963,1,1010123456002,72,,1,0,50,1,1,,13.4965,286,0,4.21277,89,0,8.42857,,0,0,0,0,0,0,0,0,0,,4250,4300,,0,0,0,0
1720334639213,1,1010123456002,72,,1,0,50,1,1,,0,3,0,0,0,0,8.83333,,15.875,48,2389,0.737792,14,0,0,30.5419,31,,3,3,,0,0,0,1
1720334639463,1,1010123456002,72,,1,0,50,1,1,,13.7742,62,0,0.265152,19,0,8.66667,,14.4906,53,0,0.451456,15,0,0,33.7831,31,,195,284,,0,0,0,1
1720334639713,1,1010123456002,72,,1,0,50,1,1,,15.0612,49,0,0.475104,13,0,8.66667,,15.6552,58,0,0.783584,17,0,0,31.5011,31,,391,424,,0,0,0,1
1720334639963,1,1010123456002,72,,1,0,50,1,1,,16.931,29,0,0.442752,8,0,8.71429,,13.2857,7,0,0.1,2,0,0,34.8551,31,,336,406,,0,0,0,1
1720334640213,1,1010123456002,72,,1,0,50,1,1,,0,0,0,0,0,0,9,,13.2857,7,0,0.1,2,0,0,36.1426,31,,0,0,,0,0,0,1
1720334640463,1,1010123456002,72,,1,0,50,1,1,,10,15,0,0.050048,4,0,8.66667,,0,0,0,0,0,0,0,0,0,,24,112,,0,0,0,0
1720334640713,1,1010123456002,72,,1,0,50,1,1,,16.0241,290,0,4.55597,82,0,8.66667,,15.6699,103,0,1.44992,30,0,0,31.2376,31,,3778,4046,,0,0,0,1
1720334640963,1,1010123456002,72,,1,0,50,1,1,,14.3556,90,0,1.15786,26,0,8.57143,,15.8,100,171,1.49162,29,0,0,30.7463,31,,1024,1115,,0,0,0,1
1720334641213,1,1010123456002,72,,1,0,50,1,1,,14.2042,289,81396,3.47987,74,0,8.33333,,15.3733,75,0,0.852224,22,0,0,32.3532,31,,3537,3837,,0,0,0,1
1720334641463,1,1010123456002,72,,1,0,50,1,1,,14.7758,553,23802,8.27917,156,0,8,,15.3782,119,0,1.50832,34,0,0,31.7719,31,,7910,8073,,0,0,0,1
1720334641713,1,1010123456002,72,,1,0,50,1,1,,15.2773,375,0,5.88586,114,0,8.33333,,15.4545,66,0,0.852544,19,0,0,31.4742,31,,5254,5392,,0,0,0,1
1720334641963,1,1010123456002,72,,1,0,50,1,1,,14,4,0,0.002976,1,0,8.71429,,0,0,0,0,0,0,0,0,0,,3,3,,0,0,0,0
1720334642213,1,1010123456002,72,,1,0,50,1,1,,14.1034,29,0,0.072672,8,0,9,,15.4203,69,0,0.891776,20,0,0,31.8593,31,,41,74,,0,0,0,1
1720334642463,1,1010123456002,72,,1,0,50,1,1,,14,8,0,0.005952,2,0,8.83333,,15.6506,83,0,1.23488,24,0,0,30.9729,31,,6,6,,0,0,0,1
1720334642713,1,1010123456002,72,,1,0,50,1,1,,10.0556,18,0,0.010816,5,0,8.5,,15.6071,28,0,0.370464,8,0,0,31.5905,31,,15,15,,0,0,0,1
1720334642963,1,1010123456002,72,,1,0,50,1,1,,0,0,0,0,0,0,8.71429,,0,0,0,0,0,0,0,0,0,,0,0,,0,0,0,0
1720334643213,1,1010123456002,72,,1,0,50,1,1,,0,0,0,0,0,0,9,,0,0,0,0,0,0,0,0,0,,0,0,,0,0,0,0
1720334643463,1,1010123456002,72,,1,0,50,1,1,,9,4,0,0.001824,1,0,8.5,,15.8654,52,0,0.83824,15,0,0,30.4796,31,,3,3,,0,0,0,1
1720334643713,1,1010123456002,72,,1,0,50,1,1,,11.4884,43,0,0.030496,12,0,8.66667,,15.734,94,0,1.3639,27,0,0,31.0837,31,,39,39,,0,0,0,1
1720334643963,1,1010123456002,72,,1,0,50,1,1,,9,4,0,0.001824,1,0,8.85714,,13.8571,7,0,0.1,2,0,0,36.3146,31,,3,3,,0,0,0,1
1720334644213,1,1010123456002,72,,1,0,50,1,1,,13.2727,11,0,0.052256,3,0,8.66667,,13.2857,7,0,0.1,2,0,0,35.0648,31,,32,77,,0,0,0,1
1720334644463,1,1010123456002,72,,1,0,50,1,1,,15.9,10,0,0.010208,3,0,8.83333,,14.9167,24,0,0.272224,7,0,0,32.4357,31,,9,9,,0,0,0,1
1720334644713,1,1010123456002,72,,1,0,50,1,1,,15.1945,293,0,4.48067,83,0,8.33333,,15.6957,69,0,0.985376,20,0,0,31.0475,31,,3957,4115,,0,0,0,1
1720334644963,1,1010123456002,72,,1,0,50,1,1,,0,0,0,0,0,0,8.85714,,0,0,0,0,0,0,0,0,0,,0,0,,0,0,0,0
1720334645213,1,1010123456002,72,,1,0,50,1,1,,0,0,0,0,0,0,8.83333,,0,0,0,0,0,0,0,0,0,,0,0,,0,0,0,0
1720334645463,1,1010123456002,72,,1,0,50,1,1,,16.9,80,11611,0.655232,15,0,8.5,,15.5054,93,0,1.26349,27,0,0,31.3318,31,,919,986,,0,0,0,1
1720334645713,1,1010123456002,72,,1,0,50,1,1,,17.017,294,61113,4.74685,83,0,8.5,,15.5556,90,0,1.23117,26,0,0,31.3013,31,,3696,4017,,0,0,0,1
1720334645963,1,1010123456002,72,,1,0,50,1,1,,14.447,132,0,2.49094,45,0,8.57143,,0,0,0,0,0,0,0,0,0,,1929,2006,,0,0,0,0
1720334646213,1,1010123456002,72,,1,0,50,1,1,,0,0,0,0,0,0,8.66667,,0,0,0,0,0,0,0,0,0,,0,0,,0,0,0,0
1720334646463,1,1010123456002,72,,1,0,50,1,1,,0,0,0,0,0,0,8.83333,,0,0,0,0,0,0,0,0,0,,0,0,,0,0,0,0
1720334646713,1,1010123456002,72,,1,0,50,1,1,,0,0,0,0,0,0,8.66667,,0,0,0,0,0,0,0,0,0,,0,0,,0,0,0,0
1720334646963,1,1010123456002,72,,1,0,50,1,1,,14.463,324,0,4.64829,92,0,8.14286,,15.4388,98,0,1.2801,28,0,0,31.4955,31,,4181,4483,,0,0,0,1
1720334647213,1,1010123456002,72,,1,0,50,1,1,,0,0,0,0,0,0,9,,0,0,0,0,0,0,0,0,0,,0,0,,0,0,0,0
1720334647463,1,1010123456002,72,,1,0,50,1,1,,0,0,0,0,0,0,8.5,,0,0,0,0,0,0,0,0,0,,0,0,,0,0,0,0
1720334647713,1,1010123456002,72,,1,0,50,1,1,,0,3,0,0.001824,1,0,9,,15.7292,48,0,0.724224,14,0,0,30.7691,31,,3,3,,0,0,0,1
1720334647963,1,1010123456002,72,,1,0,50,1,1,,13.5,108,0,0.185504,29,0,8.57143,,15.3274,113,0,1.44019,33,0,0,31.972,31,,138,352,,0,0,0,1
1720334648213,1,1010123456002,72,,1,0,50,1,1,,0,3,0,0.017472,2,0,8.66667,,0,0,0,0,0,0,0,0,0,,3,3,,0,0,0,0
1720334648463,1,1010123456002,72,,1,0,50,1,1,,0,0,0,0,0,0,8.83333,,0,0,0,0,0,0,0,0,0,,0,0,,0,0,0,0
1720334648713,1,1010123456002,72,,1,0,50,1,1,,0,0,0,0,0,0,8.66667,,0,0,0,0,0,0,0,0,0,,0,0,,0,0,0,0
1720334648963,1,1010123456002,72,,1,0,50,1,1,,0,0,0,0,0,0,8.85714,,0,0,0,0,0,0,0,0,0,,0,0,,0,0,0,0
1720334649213,1,1010123456002,72,,1,0,50,1,1,,0,0,0,0,0,0,8.83333,,0,0,0,0,0,0,0,0,0,,0,0,,0,0,0,0
1720334649463,1,1010123456002,72,,1,0,50,1,1,,0,0,0,0,0,0,8.66667,,0,0,0,0,0,0,0,0,0,,0,0,,0,0,0,0
1720334649713,1,1010123456002,72,,1,0,50,1,1,,13.7273,11,0,0.148032,3,0,8.83333,,13.2857,7,0,0.1,2,0,0,35.2811,31,,47,150,,0,0,0,1
1720334649963,1,1010123456002,72,,1,0,50,1,1,,14.1667,60,0,0.41568,17,0,9,,14.9531,64,200,0.635232,19,0,0,32.8584,31,,198,442,,0,0,0,1
1720334650213,1,1010123456002,72,,1,0,50,1,1,,10.75,20,0,0.094016,6,0,9,,12.8182,11,0,0.1,3,0,0,36.1338,31,,40,162,,0,0,0,1
1720334650463,1,1010123456002,72,,1,0,50,1,1,,0,0,0,0,0,0,9,,0,0,0,0,0,0,0,0,0,,0,0,,0,0,0,0
1720334650713,1,1010123456002,72,,1,0,50,1,1,,0,0,0,0,0,0,8.83333,,0,0,0,0,0,0,0,0,0,,0,0,,0,0,0,0
1720334650963,1,1010123456002,72,,1,0,50,1,1,,0,0,0,0,0,0,8.57143,,0,0,0,0,0,0,0,0,0,,0,0,,0,0,0,0
1720334651213,1,1010123456002,72,,1,0,50,1,1,,0,0,0,0,0,0,8.66667,,0,0,0,0,0,0,0,0,0,,0,0,,0,0,0,0
1720334651463,1,1010123456002,72,,1,0,50,1,1,,0,0,0,0,0,0,9,,0,0,0,0,0,0,0,0,0,,0,0,,0,0,0,0
1720334651713,1,1010123456002,72,,1,0,50,1,1,,0,0,0,0,0,0,8.83333,,15.8537,41,0,0.667264,12,0,0,30.2397,31,,0,0,,0,0,0,1
1720334651963,1,1010123456002,72,,1,0,50,1,1,,16.4444,18,0,0.021408,5,0,8.85714,,15.3958,48,91,0.62816,14,0,0,31.45,31,,18,18,,0,0,0,1
1720334652213,1,1010123456002,72,,1,0,50,1,1,,14,4,0,0.002976,1,0,9,,12,4,0,0.1,1,0,0,37.6634,0,,3,3,,0,0,0,1
1720334652463,1,1010123456002,72,,1,0,50,1,1,,10.3333,12,0,0.020576,3,0,8.66667,,13.2857,7,0,0.1,2,0,0,36.7048,31,,17,109,,0,0,0,1
1720334652713,1,1010123456002,72,,1,0,50,1,1,,0,0,0,0,0,0,8.5,,0,0,0,0,0,0,0,0,0,,0,0,,0,0,0,0
1720334652963,1,1010123456002,72,,1,0,50,1,1,,12.7925,53,0,0.040096,15,0,8.42857,,15.9624,266,91,4.42102,76,0,0,30.1668,31,,48,48,,0,0,0,1
1720334653213,1,1010123456002,72,,1,0,50,1,1,,0,0,0,0,0,0,8.66667,,12,4,0,0.1,1,0,0,37.2513,0,,0,0,,0,0,0,1
1720334653463,1,1010123456002,72,,1,0,50,1,1,,0,0,0,0,0,0,8.83333,,0,0,0,0,0,0,0,0,0,,0,0,,0,0,0,0
1720334653713,1,1010123456002,72,,1,0,50,1,1,,0,0,0,0,0,0,8.83333,,0,0,0,0,0,0,0,0,0,,0,0,,0,0,0,0
1720334653963,1,1010123456002,72,,1,0,50,1,1,,0,0,0,0,0,0,8.85714,,0,0,0,0,0,0,0,0,0,,0,0,,0,0,0,0
1720334654213,1,1010123456002,72,,1,0,50,1,1,,0,0,0,0,0,0,8.83333,,0,0,0,0,0,0,0,0,0,,0,0,,0,0,0,0
1720334654463,1,1010123456002,72,,1,0,50,1,1,,0,0,0,0,0,0,8.83333,,0,0,0,0,0,0,0,0,0,,0,0,,0,0,0,0
1720334654713,1,1010123456002,72,,1,0,50,1,1,,0,0,0,0,0,0,8.66667,,0,0,0,0,0,0,0,0,0,,0,0,,0,0,0,0
1720334654963,1,1010123456002,72,,1,0,50,1,1,,0,0,0,0,0,0,8.71429,,0,3,3413,0.1,1,0,0,0,31,,0,0,,0,0,0,0
1720334655213,1,1010123456002,72,,1,0,50,1,1,,10.5255,137,0,0.41264,37,0,8.66667,,15.6318,239,0,3.62198,69,0,0,30.7855,31,,225,690,,0,0,0,1
1720334655463,1,1010123456002,72,,1,0,50,1,1,,11.8929,140,0,0.131616,41,0,8.66667,,15.805,200,0,3.01037,58,0,0,30.6161,31,,128,217,,0,0,0,1
1720334655713,1,1010123456002,72,,1,0,50,1,1,,11.1034,29,0,0.029088,8,0,8.83333,,15.3407,135,0,1.7655,40,0,0,31.5884,31,,28,74,,0,0,0,1
1720334655963,1,1010123456002,72,,1,0,50,1,1,,14.4138,29,0,0.024704,8,0,8.71429,,15.1959,97,2490,1.04365,29,0,0,32.5512,31,,24,24,,0,0,0,1
1720334656213,1,1010123456002,72,,1,0,50,1,1,,10.8571,14,0,0.020352,4,0,8.5,,15.2871,101,1761,1.17552,30,0,0,32.1734,31,,20,112,,0,0,0,1
1720334656463,1,1010123456002,72,,1,0,50,1,1,,14.7931,29,0,0.024576,8,0,8.66667,,15.3613,119,0,1.52109,35,0,0,31.883,31,,27,27,,0,0,0,1
1720334656713,1,1010123456002,72,,1,0,50,1,1,,14.4138,29,0,0.024704,8,0,8.83333,,15.184,125,0,1.46179,36,0,0,32.3166,31,,30,30,,0,0,0,1
1720334656963,1,1010123456002,72,,1,0,50,1,1,,14.4848,33,0,0.02768,9,0,8.85714,,15.1855,124,3995,1.69795,37,0,0,31.4745,31,,27,27,,0,0,0,1
1720334657213,1,1010123456002,72,,1,0,50,1,1,,12.9333,30,0,0.021856,8,0,8.66667,,15.7333,195,148092,2.91475,56,0,0,30.8356,31,,27,27,,0,0,0,1
1720334657463,1,1010123456002,72,,1,0,50,1,1,,14.4,30,0,0.024704,8,0,8.83333,,15.805,200,0,3.05866,58,0,0,30.6434,31,,27,27,,0,0,0,1
1720334657713,1,1010123456002,72,,1,0,50,1,1,,14.4286,28,0,0.024704,8,0,8.66667,,15.8465,215,0,3.34678,62,0,0,30.6469,31,,27,27,,0,0,0,1
1720334657963,1,1010123456002,72,,1,0,50,1,1,,14.3636,33,0,0.024704,8,0,9,,15.7766,197,5476,2.96026,57,0,0,30.8514,31,,30,30,,0,0,0,1
1720334658213,1,1010123456002,72,,1,0,50,1,1,,13.4595,37,0,0.054272,12,0,9,,15.8068,176,6943,2.67117,51,0,0,30.8009,31,,37,80,,0,0,0,1
1720334658463,1,1010123456002,72,,1,0,50,1,1,,14.8125,48,0,0.044448,13,0,9,,15.8308,201,0,3.09318,58,0,0,30.5983,31,,42,42,,0,0,0,1
1720334658713,1,1010123456002,72,,1,0,50,1,1,,13.0588,34,0,0.024832,9,0,8.83333,,15.8292,240,0,3.72746,69,0,0,30.5715,31,,33,33,,0,0,0,1
1720334658963,1,1010123456002,72,,1,0,50,1,1,,14.375,32,0,0.02768,9,0,8.57143,,15.7444,180,4667,2.67814,52,0,0,30.8616,31,,30,30,,0,0,0,1
1720334659213,1,1010123456002,72,,1,0,50,1,1,,14.5926,27,0,0.021728,7,0,8.83333,,15.7989,184,2388,2.7729,53,0,0,30.7334,31,,21,21,,0,0,0,1
1720334659463,1,1010123456002,72,,1,0,50,1,1,,14.1951,41,0,0.033344,11,0,8.83333,,15.8182,275,0,4.30042,79,0,0,30.5132,31,,36,36,,0,0,0,1
1720334659713,1,1010123456002,72,,1,0,50,1,1,,14.2727,44,0,0.036608,12,0,8.83333,,15.8893,280,0,4.39722,80,0,0,30.436,31,,42,42,,0,0,0,1
1720334659963,1,1010123456002,72,,1,0,50,1,1,,14,33,0,0.026784,9,0,8.85714,,15.8356,225,7505,3.51984,65,0,0,30.5325,31,,33,33,,0,0,0,1
1720334660213,1,1010123456002,72,,1,0,50,1,1,,14.3556,45,0,0.03952,13,0,8.66667,,15.7951,244,9800,3.62403,70,0,0,30.9379,31,,42,42,,0,0,0,1
1720334660463,1,1010123456002,72,,1,0,50,1,1,,13.0274,73,0,0.1024,20,0,8.5,,15.9085,328,0,5.27373,94,0,0,30.2738,31,,88,128,,0,0,0,1
1720334660713,1,1010123456002,72,,1,0,50,1,1,,12.7107,121,0,0.24752,35,0,8.66667,,15.8932,309,0,4.99802,89,0,0,30.2293,31,,163,311,,0,0,0,1
1720334660963,1,1010123456002,72,,1,0,50,1,1,,11.6889,45,0,0.062976,12,0,8.57143,,15.8452,239,7505,3.70906,69,0,0,30.5211,31,,48,139,,0,0,0,1
1720334661213,1,1010123456002,72,,1,0,50,1,1,,14.1867,75,87,0.063328,20,0,8.66667,,15.7984,243,2336,3.57568,70,0,0,30.8345,31,,75,75,,0,0,0,1
1720334661463,1,1010123456002,72,,1,0,50,1,1,,14.5714,56,0,0.053376,16,0,8.83333,,15.8448,277,0,4.38157,80,0,0,30.369,31,,51,51,,0,0,0,1
1720334661713,1,1010123456002,72,,1,0,50,1,1,,14.7885,52,0,0.044032,14,0,9,,15.9283,265,0,4.20493,76,0,0,30.3789,31,,48,48,,0,0,0,1
1720334661963,1,1010123456002,72,,1,0,50,1,1,,14.4444,36,0,0.033632,11,0,9,,15.8643,258,0,4.02058,74,0,0,30.5533,31,,30,30,,0,0,0,1
1720334662213,1,1010123456002,72,,1,0,50,1,1,,14.3529,34,0,0.030656,10,0,8.66667,,15.8904,219,0,3.4808,63,0,0,30.4179,31,,30,30,,0,0,0,1
1720334662463,1,1010123456002,72,,1,0,50,1,1,,13.25,48,0,0.036416,13,0,8.83333,,15.7336,229,2365,3.62742,66,0,0,30.4953,31,,42,42,,0,0,0,1
1720334662713,1,1010123456002,72,,1,0,50,1,1,,14.3529,34,81,0.024704,8,0,8.83333,,15.9365,252,0,4.13434,72,0,0,30.1995,31,,33,33,,0,0,0,1
1720334662963,1,1010123456002,72,,1,0,50,1,1,,14.1778,45,0,0.04528,15,0,9,,15.8991,218,10287,3.47466,63,0,0,30.4266,31,,39,39,,0,0,0,1
1720334663213,1,1010123456002,72,,1,0,50,1,1,,14.3636,44,0,0.033632,11,0,8.66667,,15.8815,287,0,4.59114,83,0,0,30.2838,31,,39,39,,0,0,0,1
1720334663463,1,1010123456002,72,,1,0,50,1,1,,13.4,40,0,0.03376,12,0,8.66667,,15.8787,239,0,3.72032,69,0,0,30.6207,31,,36,36,,0,0,0,1
1720334663713,1,1010123456002,72,,1,0,50,1,1,,13.1837,49,0,0.039424,14,0,8.66667,,15.9272,316,0,5.16205,91,0,0,30.2301,31,,45,45,,0,0,0,1
1720334663963,1,1010123456002,72,,1,0,50,1,1,,14.2727,44,0,0.036608,12,0,9,,15.8728,228,7505,3.60896,66,0,0,30.5393,31,,42,42,,0,0,0,1
1720334664213,1,1010123456002,72,,1,0,50,1,1,,13.7937,63,0,0.064608,17,0,8.83333,,15.8931,262,8113,4.21917,75,0,0,30.3722,31,,58,104,,0,0,0,1
1720334664463,1,1010123456002,72,,1,0,50,1,1,,14.8302,53,0,0.045216,13,0,8.83333,,15.6643,280,2657,4.39376,80,0,0,30.5152,31,,51,51,,0,0,0,1
1720334664713,1,1010123456002,72,,1,0,50,1,1,,13.359,39,0,0.047904,13,0,9,,15.8602,279,0,4.31926,80,0,0,30.5342,31,,37,83,,0,0,0,1
1720334664963,1,1010123456002,72,,1,0,50,1,1,,14,36,0,0.02976,10,0,9,,15.8826,247,0,3.88371,71,0,0,30.305,31,,33,33,,0,0,0,1
1720334665213,1,1010123456002,72,,1,0,50,1,1,,14.1026,39,0,0.033344,11,0,9,,15.9274,234,0,3.76493,67,0,0,30.418,31,,33,33,,0,0,0,1
1720334665463,1,1010123456002,72,,1,0,50,1,1,,12.7907,43,0,0.043872,12,0,8.83333,,15.8782,271,0,4.26035,78,0,0,30.5242,31,,37,83,,0,0,0,1
1720334665713,1,1010123456002,72,,1,0,50,1,1,,12.881,42,0,0.040928,11,0,8.66667,,15.8997,339,0,5.51763,97,0,0,30.2241,31,,37,83,,0,0,0,1
1720334665963,1,1010123456002,72,,1,0,50,1,1,,13.3333,48,0,0.036736,13,0,8.71429,,15.7264,307,0,4.79053,88,0,0,30.4224,31,,42,42,,0,0,0,1
1720334666213,1,1010123456002,72,,1,0,50,1,1,,14.2553,47,0,0.041248,14,0,9,,15.8512,242,2365,3.76176,70,0,0,30.5698,31,,45,45,,0,0,0,1
1720334666463,1,1010123456002,72,,1,0,50,1,1,,14.3,40,0,0.030656,10,0,8.5,,15.8576,288,0,4.49741,83,0,0,30.4844,31,,36,36,,0,0,0,1
1720334666713,1,1010123456002,72,,1,0,50,1,1,,13.4667,45,0,0.036736,13,0,8.83333,,15.7337,199,0,2.94886,57,0,0,30.8777,31,,42,42,,0,0,0,1
1720334666963,1,1010123456002,72,,1,0,50,1,1,,14.4571,35,0,0.030656,10,0,8.85714,,15.9084,251,7505,3.95312,72,0,0,30.4986,31,,36,36,,0,0,0,1
1720334667213,1,1010123456002,72,,1,0,50,1,1,,13.9074,54,0,0.05872,15,0,8.66667,,15.9249,253,15917,4.1073,73,0,0,30.2942,31,,49,95,,0,0,0,1
1720334667463,1,1010123456002,72,,1,0,50,1,1,,13.2195,41,0,0.03376,12,0,8.83333,,15.8638,235,14164,3.75904,68,0,0,30.3186,31,,42,42,,0,0,0,1
1720334667713,1,1010123456002,72,,1,0,50,1,1,,14.2727,44,0,0.036608,12,0,8.83333,,15.9033,331,28091,5.36627,95,0,0,30.2133,31,,39,39,,0,0,0,1
1720334667963,1,1010123456002,72,,1,0,50,1,1,,13.3125,64,0,0.080608,18,0,8.71429,,15.8987,316,19325,5.13898,91,0,0,30.288,31,,67,107,,0,0,0,1
1720334668213,1,1010123456002,72,,1,0,50,1,1,,14.3077,39,0,0.030656,10,0,8.83333,,15.8885,296,2389,4.76979,85,0,0,30.2787,31,,33,33,,0,0,0,1
1720334668463,1,1010123456002,72,,1,0,50,1,1,,14.4,40,0,0.036608,12,0,8.66667,,15.8559,229,0,3.61434,66,0,0,30.3102,31,,42,42,,0,0,0,1
1720334668713,1,1010123456002,72,,1,0,50,1,1,,13.566,53,0,0.039424,14,0,8.83333,,15.8769,268,0,4.21082,77,0,0,30.4477,31,,51,51,,0,0,0,1
1720334668963,1,1010123456002,72,,1,0,50,1,1,,14.3721,43,0,0.033632,11,0,8.85714,,15.856,250,0,3.90288,72,0,0,30.3606,31,,36,36,,0,0,0,1
1720334669213,1,1010123456002,72,,1,0,50,1,1,,14.4,40,0,0.039584,13,0,9,,15.925,280,0,4.54611,81,0,0,30.1897,31,,36,36,,0,0,0,1
1720334669463,1,1010123456002,72,,1,0,50,1,1,,14.2727,44,0,0.032736,11,0,8.83333,,15.822,264,0,4.08445,76,0,0,30.5952,31,,36,36,,0,0,0,1
1720334669713,1,1010123456002,72,,1,0,50,1,1,,14,41,0,0.033632,11,0,8.83333,,15.9114,237,0,3.85642,68,0,0,30.1499,31,,36,36,,0,0,0,1
1720334669963,1,1010123456002,72,,1,0,50,1,1,,14,58,0,0.047616,16,0,8.85714,,15.9467,338,6411,5.51373,97,0,0,30.3075,31,,54,54,,0,0,0,1
1720334670213,1,1010123456002,72,,1,0,50,1,1,,13.3167,60,0,0.0648,18,0,9,,15.8863,211,2352,3.34803,61,0,0,30.4482,31,,58,104,,0,0,0,1
1720334670463,1,1010123456002,72,,1,0,50,1,1,,14.3333,36,0,0.030656,10,0,8.83333,,15.8937,254,0,4.06109,73,0,0,30.3733,31,,30,30,,0,0,0,1
1720334670713,1,1010123456002,72,,1,0,50,1,1,,14.4103,39,0,0.030656,10,0,8.66667,,15.8407,270,0,4.21882,77,0,0,30.4875,31,,39,39,,0,0,0,1
1720334670963,1,1010123456002,72,,1,0,50,1,1,,12.8085,47,0,0.057376,14,0,8.71429,,15.7977,257,10287,4.01206,74,0,0,30.5111,31,,46,89,,0,0,0,1
1720334671213,1,1010123456002,72,,1,0,50,1,1,,13.3846,52,0,0.036672,13,0,8.83333,,15.9078,282,0,4.54586,81,0,0,30.2496,31,,45,45,,0,0,0,1
1720334671463,1,1010123456002,72,,1,0,50,1,1,,15,38,0,0.034784,11,0,8.83333,,15.8893,271,0,4.26701,78,0,0,30.4226,31,,33,33,,0,0,0,1
1720334671713,1,1010123456002,72,,1,0,50,1,1,,14.3243,37,0,0.036608,12,0,8.66667,,15.9013,233,0,3.70598,67,0,0,30.3596,31,,39,39,,0,0,0,1
1720334671963,1,1010123456002,72,,1,0,50,1,1,,14.2,60,0,0.051488,17,0,8.57143,,15.9273,385,0,6.28307,110,0,0,30.19,31,,51,51,,0,0,0,1
1720334672213,1,1010123456002,72,,1,0,50,1,1,,14.3478,46,0,0.036608,12,0,8.83333,,15.9336,226,0,3.69501,65,0,0,30.2475,31,,39,39,,0,0,0,1
1720334672463,1,1010123456002,72,,1,0,50,1,1,,14.3696,46,0,0.039296,13,0,8.83333,,15.8603,229,0,3.60294,66,0,0,30.454,31,,39,39,,0,0,0,1
1720334672713,1,1010123456002,72,,1,0,50,1,1,,13.36,50,0,0.036736,13,0,8.66667,,15.8667,225,0,3.5953,65,0,0,30.3081,31,,48,48,,0,0,0,1
1720334672963,1,1010123456002,72,,1,0,50,1,1,,14.3556,45,0,0.039584,13,0,9,,15.8867,256,12043,4.05674,74,0,0,30.4131,31,,36,36,,0,0,0,1
1720334673213,1,1010123456002,72,,1,0,50,1,1,,13.7391,46,0,0.061344,13,0,8.66667,,15.884,293,0,4.58592,84,0,0,30.3771,31,,44,86,,0,0,0,1
1720334673463,1,1010123456002,72,,1,0,50,1,1,,14,44,0,0.035648,12,0,8.83333,,15.8916,249,0,4.04829,72,0,0,30.318,31,,36,36,,0,0,0,1
1720334673713,1,1010123456002,72,,1,0,50,1,1,,12.9355,31,0,0.023808,8,0,8.83333,,15.9088,285,0,4.6,82,0,0,30.2682,31,,28,74,,0,0,0,1
1720334673963,1,1010123456002,72,,1,0,50,1,1,,13.619,42,0,0.06688,12,0,9,,15.87,277,0,4.41027,80,0,0,30.3156,31,,41,83,,0,0,0,1
1720334674213,1,1010123456002,72,,1,0,50,1,1,,13.4182,55,0,0.041664,14,0,8.83333,,15.9024,246,7371,3.95235,71,0,0,30.3297,31,,51,51,,0,0,0,1
1720334674463,1,1010123456002,72,,1,0,50,1,1,,14.2927,41,0,0.03376,12,0,8.83333,,15.8816,321,0,5.1832,92,0,0,30.2382,31,,39,39,,0,0,0,1
1720334674713,1,1010123456002,72,,1,0,50,1,1,,14,35,0,0.036608,12,0,8.83333,,15.8381,278,0,4.3648,80,0,0,30.4155,31,,30,30,,0,0,0,1
1720334674963,1,1010123456002,72,,1,0,50,1,1,,14.3871,31,0,0.02768,9,0,9,,15.8604,265,10287,4.12742,77,0,0,30.4568,31,,27,27,,0,0,0,1
1720334675213,1,1010123456002,72,,1,0,50,1,1,,13.4,35,0,0.036128,9,0,8.83333,,15.8407,270,2405,4.21277,78,0,0,30.3672,31,,34,80,,0,0,0,1
1720334675463,1,1010123456002,72,,1,0,50,1,1,,14.3902,41,0,0.036608,12,0,8.66667,,15.8947,304,0,4.79482,88,0,0,30.3124,31,,33,33,,0,0,0,1
1720334675713,1,1010123456002,72,,1,0,50,1,1,,13.4186,43,0,0.043808,12,0,9,,15.9087,252,0,3.97213,72,0,0,30.4295,31,,37,83,,0,0,0,1
1720334675963,1,1010123456002,72,,1,0,50,1,1,,14,39,0,0.029696,10,0,8.71429,,15.931,290,0,4.75955,83,0,0,30.1456,31,,36,36,,0,0,0,1
1720334676213,1,1010123456002,72,,1,0,50,1,1,,13.5844,77,0,0.072704,20,0,8.66667,,15.8856,306,0,4.9575,88,0,0,30.2545,31,,70,116,,0,0,0,1
1720334676463,1,1010123456002,72,,1,0,50,1,1,,14.1176,34,0,0.024704,8,0,8.83333,,15.9015,264,139221,4.22326,76,0,0,30.3906,31,,33,33,,0,0,0,1
1720334676713,1,1010123456002,72,,1,0,50,1,1,,14.46,50,0,0.04816,16,0,8.5,,15.8676,287,0,4.53101,83,0,0,30.375,31,,45,45,,0,0,0,1
1720334676963,1,1010123456002,72,,1,0,50,1,1,,13.8049,41,0,0.035424,12,0,8.85714,,15.9123,285,10287,4.53126,82,0,0,30.3931,31,,36,36,,0,0,0,1
1720334677213,1,1010123456002,72,,1,0,50,1,1,,12.6939,49,0,0.057376,14,0,8.5,,15.8571,252,2336,3.99354,73,0,0,30.2907,31,,49,92,,0,0,0,1
1720334677463,1,1010123456002,72,,1,0,50,1,1,,14.0851,47,0,0.030656,10,0,8.66667,,15.8226,265,0,4.17904,77,0,0,30.4387,31,,48,48,,0,0,0,1
1720334677713,1,1010123456002,72,,1,0,50,1,1,,13.2558,43,0,0.0424,15,0,8.83333,,15.8938,226,0,3.65594,65,0,0,30.3303,31,,36,36,,0,0,0,1
1720334677963,1,1010123456002,72,,1,0,50,1,1,,14.1556,45,0,0.035648,12,0,9,,15.8354,243,0,3.78115,70,0,0,30.5272,31,,42,42,,0,0,0,1
1720334678213,1,1010123456002,72,,1,0,50,1,1,,14.377,61,0,0.051424,17,0,9,,15.7713,293,11187,4.73046,84,0,0,30.2998,31,,57,57,,0,0,0,1
1720334678463,1,1010123456002,72,,1,0,50,1,1,,14.2051,39,0,0.0304,10,0,8.83333,,15.8837,258,6490,4.09312,74,0,0,30.3608,31,,36,36,,0,0,0,1
1720334678713,1,1010123456002,72,,1,0,50,1,1,,14,51,27,0.032736,11,0,8.66667,,15.8622,283,0,4.45782,82,0,0,30.2897,31,,45,45,,0,0,0,1
1720334678963,1,1010123456002,72,,1,0,50,1,1,,13.5556,45,0,0.04656,16,0,8.57143,,15.888,259,10287,4.15718,75,0,0,30.3561,31,,42,42,,0,0,0,1
1720334679213,1,1010123456002,72,,1,0,50,1,1,,13.3137,51,0,0.054304,14,0,9,,15.8494,239,8253,3.7679,69,0,0,30.3853,31,,49,95,,0,0,0,1
1720334679463,1,1010123456002,72,,1,0,50,1,1,,14.3333,36,87,0.030656,10,0,8.83333,,15.938,258,6234,4.24109,74,0,0,30.1387,31,,30,30,,0,0,0,1
1720334679713,1,1010123456002,72,,1,0,50,1,1,,14.3478,46,0,0.033632,11,0,8.83333,,15.876,250,0,4.02493,72,0,0,30.3305,31,,39,39,,0,0,0,1
1720334679963,1,1010123456002,72,,1,0,50,1,1,,14.2667,45,0,0.039584,13,0,8.71429,,15.8372,258,10287,3.89878,74,0,0,30.6925,31,,36,36,,0,0,0,1
1720334680213,1,1010123456002,72,,1,0,50,1,1,,14.25,48,0,0.050112,10,0,8.66667,,15.9699,399,0,6.67507,114,0,0,30.0943,31,,43,86,,0,0,0,1
1720334680463,1,1010123456002,72,,1,0,50,1,1,,13.383,47,0,0.059168,15,0,8.83333,,15.8361,238,0,3.67712,68,0,0,30.5233,31,,47,92,,0,0,0,1
1720334680713,1,1010123456002,72,,1,0,50,1,1,,14.2449,49,0,0.04256,14,0,8.83333,,15.8772,228,0,3.61706,66,0,0,30.424,31,,48,48,,0,0,0,1
1720334680963,1,1010123456002,72,,1,0,50,1,1,,14.3636,44,0,0.033632,11,0,8.85714,,15.8927,289,10287,4.52829,83,0,0,30.3835,31,,36,36,,0,0,0,1
1720334681213,1,1010123456002,72,,1,0,50,1,1,,14,36,0,0.029632,10,0,8.83333,,15.8386,223,8253,3.4616,65,0,0,30.4519,31,,30,30,,0,0,0,1
1720334681463,1,1010123456002,72,,1,0,50,1,1,,14.2,40,0,0.036352,12,0,8.83333,,15.8702,285,0,4.49587,82,0,0,30.4757,31,,39,39,,0,0,0,1
1720334681713,1,1010123456002,72,,1,0,50,1,1,,13.6852,54,0,0.039648,14,0,8.83333,,15.8726,314,1892,4.9393,90,0,0,30.4066,31,,45,45,,0,0,0,1
1720334681963,1,1010123456002,72,,1,0,50,1,1,,13.2222,36,0,0.036128,9,0,8.85714,,15.8957,278,0,4.39501,80,0,0,30.4578,31,,34,80,,0,0,0,1
1720334682213,1,1010123456002,72,,1,0,50,1,1,,13.4167,48,0,0.060512,13,0,8.83333,,15.9295,227,2405,3.60589,65,0,0,30.37,31,,53,95,,0,0,0,1
1720334682463,1,1010123456002,72,,1,0,50,1,1,,12.8421,38,0,0.04112,11,0,8.83333,,15.8609,345,0,5.43622,99,0,0,30.3466,31,,31,77,,0,0,0,1
1720334682713,1,1010123456002,72,,1,0,50,1,1,,14,46,0,0.035648,12,0,9,,15.864,228,0,3.57894,66,0,0,30.4673,31,,42,42,,0,0,0,1
1720334682963,1,1010123456002,72,,1,0,50,1,1,,14.4,40,0,0.033632,11,0,8.85714,,15.8524,271,5476,4.17133,78,0,0,30.5528,31,,36,36,,0,0,0,1
1720334683213,1,1010123456002,72,,1,0,50,1,1,,14,50,0,0.055456,14,0,8.83333,,15.8836,292,2336,4.62816,84,0,0,30.4283,31,,52,98,,0,0,0,1
1720334683463,1,1010123456002,72,,1,0,50,1,1,,14.2791,43,0,0.036608,12,0,8.83333,,15.786,257,0,3.90518,74,0,0,30.5854,31,,39,39,,0,0,0,1
1720334683713,1,1010123456002,72,,1,0,50,1,1,,14.3333,48,0,0.039584,13,0,8.83333,,15.8974,273,0,4.30819,78,0,0,30.4841,31,,45,45,,0,0,0,1
1720334683963,1,1010123456002,72,,1,0,50,1,1,,14.5349,43,0,0.032672,11,0,8.85714,,15.8777,278,6411,4.32346,80,0,0,30.4807,31,,36,36,,0,0,0,1
1720334684213,1,1010123456002,72,,1,0,50,1,1,,14,47,0,0.036608,12,0,8.66667,,15.8333,312,0,5.0351,90,0,0,30.2528,31,,39,39,,0,0,0,1
1720334684463,1,1010123456002,72,,1,0,50,1,1,,13.5902,61,0,0.048576,17,0,8.83333,,15.945,327,0,5.37037,94,0,0,30.1999,31,,51,51,,0,0,0,1
1720334684713,1,1010123456002,72,,1,0,50,1,1,,14.1522,46,0,0.0416,14,0,9,,15.8534,232,0,3.68493,67,0,0,30.3452,31,,42,42,,0,0,0,1
1720334684963,1,1010123456002,72,,1,0,50,1,1,,14.1795,39,0,0.029696,10,0,8.57143,,15.8681,273,0,4.31536,79,0,0,30.4269,31,,36,36,,0,0,0,1
1720334685213,1,1010123456002,72,,1,0,50,1,1,,13.7069,58,0,0.063712,17,0,9,,15.8243,222,12690,3.44986,64,0,0,30.5313,31,,55,101,,0,0,0,1
1720334685463,1,1010123456002,72,,1,0,50,1,1,,14.381,42,0,0.036544,12,0,8.66667,,15.9511,266,0,4.35962,76,0,0,30.1653,31,,36,36,,0,0,0,1
1720334685713,1,1010123456002,72,,1,0,50,1,1,,14.3556,45,0,0.036608,12,0,9,,15.9038,291,0,4.6441,84,0,0,30.4974,31,,39,39,,0,0,0,1
1720334685963,1,1010123456002,72,,1,0,50,1,1,,14.3636,44,0,0.033632,11,0,8.85714,,15.8566,265,10287,4.04886,76,0,0,30.6314,31,,42,42,,0,0,0,1
1720334686213,1,1010123456002,72,,1,0,50,1,1,,14.3429,35,0,0.033632,11,0,9,,15.9025,236,2149,3.82333,68,0,0,30.2683,31,,30,30,,0,0,0,1
1720334686463,1,1010123456002,72,,1,0,50,1,1,,13.9861,72,0,0.070624,19,0,8.83333,,15.9363,377,0,6.14406,108,0,0,30.1931,31,,73,119,,0,0,0,1
1720334686713,1,1010123456002,72,,1,0,50,1,1,,13.4667,45,0,0.039712,14,0,8.66667,,15.8775,253,0,4.0024,73,0,0,30.3182,31,,48,48,,0,0,0,1
1720334686963,1,1010123456002,72,,1,0,50,1,1,,14,46,0,0.035712,12,0,8.71429,,15.8256,281,0,4.33398,80,0,0,30.5954,31,,39,39,,0,0,0,1
1720334687213,1,1010123456002,72,,1,0,50,1,1,,13.7091,55,0,0.061696,16,0,9,,15.8797,291,6471,4.65773,84,0,0,30.3559,31,,53,145,,0,0,0,1
1720334687463,1,1010123456002,72,,1,0,50,1,1,,14.4103,39,0,0.033632,11,0,8.83333,,15.7616,302,0,4.7983,87,0,0,30.3873,31,,36,36,,0,0,0,1
1720334687713,1,1010123456002,72,,1,0,50,1,1,,14.5652,46,0,0.03648,12,0,9,,15.8311,296,0,4.55987,85,0,0,30.634,31,,39,39,,0,0,0,1
1720334687963,1,1010123456002,72,,1,0,50,1,1,,14.575,40,0,0.036544,12,0,9,,15.7336,229,12043,3.63315,66,0,0,30.4179,31,,36,36,,0,0,0,1
1720334688213,1,1010123456002,72,,1,0,50,1,1,,13.9821,56,0,0.061696,16,0,8.83333,,15.9108,269,0,4.29011,78,0,0,30.3877,31,,52,98,,0,0,0,1
1720334688463,1,1010123456002,72,,1,0,50,1,1,,14,36,0,0.02976,10,0,9,,15.8982,285,0,4.53638,82,0,0,30.3268,31,,30,30,,0,0,0,1
1720334688713,1,1010123456002,72,,1,0,50,1,1,,14.2969,64,0,0.0544,18,0,9,,15.9196,398,0,6.46582,114,0,0,30.1951,31,,57,57,,0,0,0,1
1720334688963,1,1010123456002,72,,1,0,50,1,1,,14.25,48,0,0.036608,12,0,8.71429,,15.6457,254,7505,3.86672,73,0,0,30.6761,31,,48,48,,0,0,0,1
1720334689213,1,1010123456002,72,,1,0,50,1,1,,14.4,40,0,0.036544,12,0,8.83333,,15.8681,273,12362,4.29267,79,0,0,30.4636,31,,33,33,,0,0,0,1
1720334689463,1,1010123456002,72,,1,0,50,1,1,,13.9194,62,0,0.064672,17,0,8.83333,,15.9428,297,6234,4.88771,85,0,0,30.2272,31,,61,107,,0,0,0,1
1720334689713,1,1010123456002,72,,1,0,50,1,1,,13.3043,46,0,0.039712,14,0,8.66667,,15.8846,234,0,3.7303,67,0,0,30.3231,31,,42,42,,0,0,0,1
1720334689963,1,1010123456002,72,,1,0,50,1,1,,13.2195,41,0,0.03376,12,0,8.71429,,15.8387,279,0,4.35101,80,0,0,30.5023,31,,42,42,,0,0,0,1
1720334690213,1,1010123456002,72,,1,0,50,1,1,,14.3,40,0,0.036608,12,0,9,,15.8862,246,2405,3.93642,71,0,0,30.3895,31,,39,39,,0,0,0,1
1720334690463,1,1010123456002,72,,1,0,50,1,1,,14.2927,41,0,0.036608,12,0,8.66667,,15.9094,254,0,4.10355,73,0,0,30.2016,31,,36,36,,0,0,0,1
1720334690713,1,1010123456002,72,,1,0,50,1,1,,13.4754,61,0,0.04864,17,0,8.66667,,15.9456,331,0,5.45421,95,0,0,30.2332,31,,51,51,,0,0,0,1
1720334690963,1,1010123456002,72,,1,0,50,1,1,,13.3514,37,0,0.027808,10,0,8.71429,,15.9118,272,0,4.38042,79,0,0,30.2908,31,,33,33,,0,0,0,1
1720334691213,1,1010123456002,72,,1,0,50,1,1,,13.2714,70,0,0.074336,20,0,8.66667,,15.8433,268,2405,4.10003,77,0,0,30.5412,31,,68,113,,0,0,0,1
1720334691463,1,1010123456002,72,,1,0,50,1,1,,14.3902,41,0,0.039584,13,0,8.66667,,15.8242,273,0,4.2263,78,0,0,30.4723,31,,39,39,,0,0,0,1
1720334691713,1,1010123456002,72,,1,0,50,1,1,,14,45,0,0.032736,11,0,8.5,,15.8807,285,0,4.56675,83,0,0,30.3928,31,,39,39,,0,0,0,1
1720334691963,1,1010123456002,72,,1,0,50,1,1,,13.3043,46,0,0.039712,14,0,8.42857,,15.9167,264,0,4.25347,76,0,0,30.2619,31,,39,39,,0,0,0,1
1720334692213,1,1010123456002,72,,1,0,50,1,1,,14.3902,41,0,0.033632,11,0,8.83333,,15.6578,225,2389,3.5672,65,0,0,30.4564,31,,36,36,,0,0,0,1
1720334692463,1,1010123456002,72,,1,0,50,1,1,,14.24,50,0,0.039584,13,0,8.83333,,15.81,300,5597,4.74243,86,0,0,30.4589,31,,51,51,,0,0,0,1
1720334692713,1,1010123456002,72,,1,0,50,1,1,,13.9815,54,0,0.061696,16,0,8.83333,,15.8789,223,0,3.53418,64,0,0,30.4475,31,,52,98,,0,0,0,1
1720334692963,1,1010123456002,72,,1,0,50,1,1,,14.2909,55,0,0.045472,15,0,8.85714,,15.9282,348,10287,5.68912,100,0,0,30.2452,31,,51,51,,0,0,0,1
1720334693213,1,1010123456002,72,,1,0,50,1,1,,14,38,0,0.032736,11,0,8.83333,,15.8684,266,9391,4.20851,76,0,0,30.3756,31,,36,36,,0,0,0,1
1720334693463,1,1010123456002,72,,1,0,50,1,1,,14.3265,49,0,0.036608,12,0,8.66667,,15.9234,261,3160,4.23555,75,0,0,30.3863,31,,45,45,,0,0,0,1
1720334693713,1,1010123456002,72,,1,0,50,1,1,,13.2727,44,0,0.036736,13,0,8.83333,,15.8765,251,142368,3.96874,72,0,0,30.4925,31,,39,39,,0,0,0,1
1720334693963,1,1010123456002,72,,1,0,50,1,1,,14.3404,47,87,0.036608,12,0,8.85714,,15.8491,285,0,4.55232,82,0,0,30.3821,31,,39,39,,0,0,0,1
1720334694213,1,1010123456002,72,,1,0,50,1,1,,12.9683,63,0,0.058208,16,0,8.66667,,15.8947,285,2336,4.61869,82,0,0,30.3182,31,,58,104,,0,0,0,1
1720334694463,1,1010123456002,72,,1,0,50,1,1,,14,38,0,0.037664,13,0,9,,15.8686,274,0,4.39722,79,0,0,30.2975,31,,33,33,,0,0,0,1
1720334694713,1,1010123456002,72,,1,0,50,1,1,,14.2955,44,0,0.02768,9,0,8.66667,,15.9032,279,0,4.49555,80,0,0,30.3338,31,,42,42,,0,0,0,1
1720334694963,1,1010123456002,72,,1,0,50,1,1,,14.2923,65,0,0.062816,21,0,8.85714,,15.9397,365,8787,5.99101,105,0,0,30.264,31,,54,54,,0,0,0,1
1720334695213,1,1010123456002,72,,1,0,50,1,1,,14.3478,46,0,0.033632,11,0,8.83333,,15.8235,255,2336,3.96816,73,0,0,30.6192,31,,36,36,,0,0,0,1
1720334695463,1,1010123456002,72,,1,0,50,1,1,,14.2727,44,0,0.039584,13,0,9,,15.8949,257,0,4.17424,74,0,0,30.2422,31,,42,42,,0,0,0,1
1720334695713,1,1010123456002,72,,1,0,50,1,1,,13.0877,57,0,0.064896,17,0,8.83333,,15.844,218,0,3.3823,63,0,0,30.6015,31,,59,104,,0,0,0,1
1720334695963,1,1010123456002,72,,1,0,50,1,1,,13.8049,41,0,0.032448,11,0,9,,15.8729,244,10287,3.80202,70,0,0,30.3973,31,,36,36,,0,0,0,1
1720334696213,1,1010123456002,72,,1,0,50,1,1,,14.4043,47,0,0.03952,13,0,8.66667,,15.8892,334,0,5.30768,96,0,0,30.2841,31,,42,42,,0,0,0,1
1720334696463,1,1010123456002,72,,1,0,50,1,1,,13.4286,42,0,0.030784,11,0,8.66667,,15.8844,225,0,3.61286,65,0,0,30.271,31,,39,39,,0,0,0,1
1720334696713,1,1010123456002,72,,1,0,50,1,1,,14.186,43,0,0.03632,12,0,8.83333,,15.9317,278,0,4.56506,80,0,0,30.1689,31,,36,36,,0,0,0,1
1720334696963,1,1010123456002,72,,1,0,50,1,1,,14.2857,56,0,0.038624,13,0,8.85714,,15.9233,326,10287,5.27427,94,0,0,30.3403,31,,48,48,,0,0,0,1
1720334697213,1,1010123456002,72,,1,0,50,1,1,,11.8511,47,0,0.062656,14,0,8.66667,,15.7076,236,4954,3.47757,68,0,0,30.8239,31,,47,139,,0,0,0,1
1720334697463,1,1010123456002,72,,1,0,50,1,1,,14,37,0,0.03376,12,0,8.5,,15.9194,310,0,5.00106,89,0,0,30.2649,31,,33,33,,0,0,0,1
1720334697713,1,1010123456002,72,,1,0,50,1,1,,14.3902,41,0,0.033632,11,0,8.83333,,15.8225,276,0,4.26704,80,0,0,30.4598,31,,39,39,,0,0,0,1
1720334697963,1,1010123456002,72,,1,0,50,1,1,,13.4894,47,0,0.03376,12,0,8.71429,,15.8719,242,0,3.72672,70,0,0,30.609,31,,45,45,,0,0,0,1
1720334698213,1,1010123456002,72,,1,0,50,1,1,,14.2727,44,0,0.039584,13,0,8.66667,,15.8643,221,4971,3.49187,64,0,0,30.4946,31,,39,39,,0,0,0,1
1720334698463,1,1010123456002,72,,1,0,50,1,1,,14.5333,30,0,0.024704,8,0,8.66667,,15.9007,272,0,4.29626,78,0,0,30.3922,31,,27,27,,0,0,0,1
1720334698713,1,1010123456002,72,,1,0,50,1,1,,13.6557,61,0,0.051168,13,0,8.83333,,15.8803,284,376,4.38477,82,0,0,30.547,31,,55,101,,0,0,0,1
1720334698963,1,1010123456002,72,,1,0,50,1,1,,14.3721,43,0,0.048448,16,0,8.71429,,15.8889,261,49759,4.12947,75,0,0,30.4194,31,,36,36,,0,0,0,1
1720334699213,1,1010123456002,72,,1,0,50,1,1,,13.0698,43,0,0.04128,10,0,8.66667,,15.9172,314,8253,5.0784,90,0,0,30.2274,31,,35,80,,0,0,0,1
1720334699463,1,1010123456002,72,,1,0,50,1,1,,14,53,0,0.041664,14,0,8.83333,,15.9288,295,0,4.80416,85,0,0,30.2549,31,,42,42,,0,0,0,1
1720334699713,1,1010123456002,72,,1,0,50,1,1,,13.3846,39,0,0.036736,13,0,8.66667,,15.9119,261,0,4.24179,75,0,0,30.2017,31,,36,36,,0,0,0,1
1720334699963,1,1010123456002,72,,1,0,50,1,1,,14.175,40,0,0.032608,11,0,8.85714,,15.9494,237,0,3.87136,68,0,0,30.1949,31,,33,33,,0,0,0,1
1720334700213,1,1010123456002,72,,1,0,50,1,1,,12.381,42,0,0.058848,11,0,8.83333,,15.8483,257,0,4.01469,74,0,0,30.454,31,,44,133,,0,0,0,1
1720334700463,1,1010123456002,72,,1,0,50,1,1,,12.1364,88,87,0.056832,21,0,8.83333,,15.8594,256,3416,3.98202,74,0,0,30.5813,31,,75,75,,0,0,0,1
1720334700713,1,1010123456002,72,,1,0,50,1,1,,12.8182,44,0,0.05216,17,0,9,,15.824,267,0,4.07296,76,0,0,30.5672,31,,44,136,,0,0,0,1
1720334700963,1,1010123456002,72,,1,0,50,1,1,,13.1351,37,0,0.030784,11,0,8.71429,,15.8261,322,12043,5.02579,92,0,0,30.5423,31,,33,33,,0,0,0,1
1720334701213,1,1010123456002,72,,1,0,50,1,1,,14.2909,55,0,0.045536,15,0,8.66667,,15.9202,351,4954,5.69706,101,0,0,30.1951,31,,48,48,,0,0,0,1
1720334701463,1,1010123456002,72,,1,0,50,1,1,,14.0976,41,0,0.033344,11,0,8.83333,,15.949,255,0,4.20451,73,0,0,30.1422,31,,39,39,,0,0,0,1
1720334701713,1,1010123456002,72,,1,0,50,1,1,,14.2791,43,0,0.036608,12,0,9,,15.8693,283,0,4.4657,82,0,0,30.4746,31,,39,39,,0,0,0,1
1720334701963,1,1010123456002,72,,1,0,50,1,1,,13.7547,53,0,0.058112,15,0,9,,15.8862,290,0,4.48659,83,0,0,30.5098,31,,52,98,,0,0,0,1
1720334702213,1,1010123456002,72,,1,0,50,1,1,,14,43,0,0.035712,12,0,8.83333,,15.827,237,8253,3.69917,68,0,0,30.4453,31,,39,39,,0,0,0,1
1720334702463,1,1010123456002,72,,1,0,50,1,1,,14.3243,37,0,0.033632,11,0,9,,15.9264,299,6490,4.78829,86,0,0,30.3145,31,,33,33,,0,0,0,1
1720334702713,1,1010123456002,72,,1,0,50,1,1,,14.381,42,0,0.033632,11,0,9,,15.8587,276,0,4.36224,80,0,0,30.3584,31,,39,39,,0,0,0,1
1720334702963,1,1010123456002,72,,1,0,50,1,1,,13.4286,42,0,0.03376,12,0,8.71429,,15.8871,248,8787,3.96182,72,0,0,30.3319,31,,39,39,,0,0,0,1
1720334703213,1,1010123456002,72,,1,0,50,1,1,,12.8966,58,0,0.058848,16,0,8.66667,,15.8458,253,34396,3.97162,73,0,0,30.4452,31,,55,101,,0,0,0,1
1720334703463,1,1010123456002,72,,1,0,50,1,1,,14.1207,58,0,0.047552,16,0,9,,15.9084,382,0,6.30483,110,0,0,30.1153,31,,51,51,,0,0,0,1
1720334703713,1,1010123456002,72,,1,0,50,1,1,,13.0571,35,0,0.038208,10,0,8.66667,,15.8667,300,0,4.75757,86,0,0,30.4141,31,,34,80,,0,0,0,1
1720334703963,1,1010123456002,72,,1,0,50,1,1,,14.3,40,0,0.033632,11,0,8.85714,,15.9179,268,7505,4.22157,77,0,0,30.3389,31,,33,33,,0,0,0,1
1720334704213,1,1010123456002,72,,1,0,50,1,1,,13.2,40,0,0.030784,11,0,8.66667,,15.8078,281,0,4.39126,81,0,0,30.4333,31,,36,36,,0,0,0,1
1720334704463,1,1010123456002,72,,1,0,50,1,1,,14.1702,47,0,0.036352,12,0,8.83333,,15.8836,275,0,4.32602,79,0,0,30.3864,31,,42,42,,0,0,0,1
1720334704713,1,1010123456002,72,,1,0,50,1,1,,14.3,40,0,0.030656,10,0,8.83333,,15.8957,278,0,4.42093,80,0,0,30.2866,31,,33,33,,0,0,0,1
1720334704963,1,1010123456002,72,,1,0,50,1,1,,13.9818,55,0,0.061696,16,0,8.85714,,15.8364,220,376,3.46054,63,0,0,30.4595,31,,52,98,,0,0,0,1
1720334705213,1,1010123456002,72,,1,0,50,1,1,,13.28,50,0,0.03648,13,0,8.5,,15.7631,249,11187,3.89094,72,0,0,30.4527,31,,45,45,,0,0,0,1
1720334705463,1,1010123456002,72,,1,0,50,1,1,,12.0686,102,0,0.087424,30,0,8.66667,,15.9346,428,0,7.0617,123,0,0,30.2008,31,,94,140,,0,0,0,1
1720334705713,1,1010123456002,72,,1,0,50,1,1,,13.5364,110,0,0.122432,31,0,8.83333,,15.8445,283,0,4.49498,81,0,0,30.4217,31,,108,199,,0,0,0,1
1720334705963,1,1010123456002,72,,1,0,50,1,1,,13.2558,43,0,0.03376,12,0,8.85714,,15.6734,248,10287,3.74867,71,0,0,30.6903,31,,39,39,,0,0,0,1
1720334706213,1,1010123456002,72,,1,0,50,1,1,,13.4074,54,0,0.057824,15,0,8.83333,,15.8482,270,0,4.22918,78,0,0,30.4825,31,,49,95,,0,0,0,1
1720334706463,1,1010123456002,72,,1,0,50,1,1,,14.3061,49,0,0.03888,13,0,8.83333,,15.9289,253,0,4.08598,73,0,0,30.3629,31,,45,45,,0,0,0,1
1720334706713,1,1010123456002,72,,1,0,50,1,1,,14,54,0,0.041664,14,0,8.66667,,15.8885,269,145193,4.16442,77,0,0,30.5263,31,,51,51,,0,0,0,1
1720334706963,1,1010123456002,72,,1,0,50,1,1,,14.175,40,0,0.035648,12,0,9,,15.8848,269,0,4.19546,77,0,0,30.4627,31,,36,36,,0,0,0,1
1720334707213,1,1010123456002,72,,1,0,50,1,1,,13.4286,42,0,0.036672,13,0,8.66667,,15.8831,231,11135,3.5809,66,0,0,30.4822,31,,36,36,,0,0,0,1
1720334707463,1,1010123456002,72,,1,0,50,1,1,,14.2143,56,0,0.048512,16,0,8.83333,,15.9422,346,0,5.6847,99,0,0,30.2617,31,,57,57,,0,0,0,1
1720334707713,1,1010123456002,72,,1,0,50,1,1,,14,44,0,0.032736,11,0,8.5,,15.877,317,0,4.99226,91,0,0,30.5366,31,,39,39,,0,0,0,1
1720334707963,1,1010123456002,72,,1,0,50,1,1,,14.3556,45,0,0.039584,13,0,8.85714,,15.8211,285,12043,4.34861,82,0,0,30.5285,31,,42,42,,0,0,0,1
1720334708213,1,1010123456002,72,,1,0,50,1,1,,14,40,0,0.035712,12,0,8.66667,,15.9061,277,0,4.31629,79,0,0,30.4074,31,,33,33,,0,0,0,1
1720334708463,1,1010123456002,72,,1,0,50,1,1,,13.6,50,87,0.060224,14,0,8.66667,,15.8973,263,0,4.1832,75,0,0,30.4236,31,,46,89,,0,0,0,1
1720334708713,1,1010123456002,72,,1,0,50,1,1,,14.3902,41,0,0.033632,11,0,9,,15.7336,259,0,4.0839,74,0,0,30.5242,31,,33,33,,0,0,0,1
1720334708963,1,1010123456002,72,,1,0,50,1,1,,12.7059,34,0,0.040736,9,0,8.71429,,15.8,200,12043,3.02806,58,0,0,30.7157,31,,35,80,,0,0,0,1
1720334709213,1,1010123456002,72,,1,0,50,1,1,,14.3934,61,0,0.05904,18,0,8.5,,15.8435,294,0,4.60698,84,0,0,30.3624,31,,60,60,,0,0,0,1
1720334709463,1,1010123456002,72,,1,0,50,1,1,,14.5333,30,0,0.02768,9,0,8.66667,,15.9015,264,67267,4.11872,76,0,0,30.4937,31,,27,27,,0,0,0,1
1720334709713,1,1010123456002,72,,1,0,50,1,1,,13.4576,59,0,0.053984,15,0,8.83333,,15.7456,338,0,5.41757,97,0,0,30.4047,31,,49,95,,0,0,0,1
1720334709963,1,1010123456002,72,,1,0,50,1,1,,13.4783,46,0,0.039712,14,0,8.57143,,15.8228,254,0,3.93878,73,0,0,30.555,31,,39,39,,0,0,0,1
1720334710213,1,1010123456002,72,,1,0,50,1,1,,14.2667,45,0,0.039584,13,0,8.83333,,15.9046,241,2405,3.81155,69,0,0,30.329,31,,42,42,,0,0,0,1
1720334710463,1,1010123456002,72,,1,0,50,1,1,,14.4848,33,0,0.02768,9,0,8.83333,,15.8435,230,0,3.6281,66,0,0,30.5895,31,,30,30,,0,0,0,1
1720334710713,1,1010123456002,72,,1,0,50,1,1,,14.24,50,0,0.04256,14,0,8.66667,,15.8821,263,0,4.23034,76,0,0,30.27,31,,42,42,,0,0,0,1
1720334710963,1,1010123456002,72,,1,0,50,1,1,,14.3902,41,0,0.036608,12,0,8.85714,,15.8889,252,10287,3.97648,73,0,0,30.4756,31,,36,36,,0,0,0,1
1720334711213,1,1010123456002,72,,1,0,50,1,1,,14.1522,46,0,0.035648,12,0,8.5,,15.8345,296,11187,4.6561,85,0,0,30.3007,31,,39,39,,0,0,0,1
1720334711463,1,1010123456002,72,,1,0,50,1,1,,14,48,0,0.035712,12,0,9,,15.9283,279,0,4.52122,80,0,0,30.2275,31,,45,45,,0,0,0,1
1720334711713,1,1010123456002,72,,1,0,50,1,1,,14.3636,55,0,0.048448,16,0,9,,15.9201,388,0,6.25568,111,0,0,30.3101,31,,54,54,,0,0,0,1
1720334711963,1,1010123456002,72,,1,0,50,1,1,,14.1591,44,0,0.038624,13,0,8.71429,,15.6119,219,19325,3.2095,63,0,0,30.8907,31,,39,39,,0,0,0,1
1720334712213,1,1010123456002,72,,1,0,50,1,1,,13.3409,44,0,0.054272,11,0,9,,15.9508,244,12618,4.01258,70,0,0,30.1593,31,,50,92,,0,0,0,1
1720334712463,1,1010123456002,72,,1,0,50,1,1,,14.4118,68,0,0.062304,19,0,9,,15.8804,326,0,5.18531,94,0,0,30.3048,31,,66,66,,0,0,0,1
1720334712713,1,1010123456002,72,,1,0,50,1,1,,14,47,0,0.038624,13,0,9,,15.8638,257,0,4.11629,74,0,0,30.3149,31,,39,39,,0,0,0,1
1720334712963,1,1010123456002,72,,1,0,50,1,1,,14.3,40,0,0.033632,11,0,8.85714,,15.8702,285,0,4.5441,82,0,0,30.3761,31,,39,39,,0,0,0,1
1720334713213,1,1010123456002,72,,1,0,50,1,1,,14.3,40,0,0.033632,11,0,8.83333,,15.9315,219,2365,3.53264,63,0,0,30.2518,31,,33,33,,0,0,0,1
1720334713463,1,1010123456002,72,,1,0,50,1,1,,14.3077,39,0,0.033632,11,0,9,,15.8346,260,7360,3.96672,75,0,0,30.5731,31,,42,42,,0,0,0,1
1720334713713,1,1010123456002,72,,1,0,50,1,1,,13.5625,48,0,0.036608,12,0,8.83333,,15.9177,389,0,6.34061,111,0,0,30.2569,31,,43,89,,0,0,0,1
1720334713963,1,1010123456002,72,,1,0,50,1,1,,14.4,40,0,0.045056,12,0,9,,15.9009,232,10287,3.67709,67,0,0,30.3863,31,,36,36,,0,0,0,1
1720334714213,1,1010123456002,72,,1,0,50,1,1,,14.4,40,0,0.033632,11,0,8.66667,,15.8881,295,2389,4.7471,85,0,0,30.2908,31,,36,36,,0,0,0,1
1720334714463,1,1010123456002,72,,1,0,50,1,1,,14,49,0,0.038688,13,0,9,,15.8701,254,0,3.99498,73,0,0,30.4443,31,,51,51,,0,0,0,1
1720334714713,1,1010123456002,72,,1,0,50,1,1,,14,45,0,0.038624,13,0,9,,15.8687,259,0,4.08221,74,0,0,30.3433,31,,36,36,,0,0,0,1
1720334714963,1,1010123456002,72,,1,0,50,1,1,,14.381,42,0,0.036544,12,0,8.85714,,15.772,250,10287,3.74291,72,0,0,30.8591,31,,39,39,,0,0,0,1
1720334715213,1,1010123456002,72,,1,0,50,1,1,,13.8431,51,0,0.060224,14,0,8.5,,15.8826,281,0,4.4825,81,0,0,30.3279,31,,46,89,,0,0,0,1
1720334715463,1,1010123456002,72,,1,0,50,1,1,,13.7419,62,0,0.061696,16,0,9,,15.8611,288,0,4.53306,83,0,0,30.5296,31,,55,101,,0,0,0,1
1720334715713,1,1010123456002,72,,1,0,50,1,1,,13.4,40,0,0.03376,12,0,8.33333,,15.8835,352,25261,5.64909,101,0,0,30.2712,31,,33,33,,0,0,0,1
1720334715963,1,1010123456002,72,,1,0,50,1,1,,14.1094,64,0,0.0504,17,0,8.71429,,15.9283,279,0,4.54323,80,0,0,30.27,31,,63,63,,0,0,0,1
1720334716213,1,1010123456002,72,,1,0,50,1,1,,14.4324,37,0,0.033632,11,0,8.66667,,15.8522,230,5597,3.5919,66,0,0,30.5636,31,,36,36,,0,0,0,1
1720334716463,1,1010123456002,72,,1,0,50,1,1,,14,45,0,0.035712,12,0,8.66667,,15.8865,282,0,4.44378,81,0,0,30.3982,31,,39,39,,0,0,0,1
1720334716713,1,1010123456002,72,,1,0,50,1,1,,13.5102,49,0,0.03376,12,0,8.83333,,15.9036,280,0,4.38554,80,0,0,30.4138,31,,42,42,,0,0,0,1
1720334716963,1,1010123456002,72,,1,0,50,1,1,,14.4324,37,0,0.033632,11,0,9,,15.8589,248,19325,3.90682,72,0,0,30.3841,31,,33,33,,0,0,0,1
1720334717213,1,1010123456002,72,,1,0,50,1,1,,14.2553,47,0,0.036608,12,0,9,,15.8658,231,4954,3.72557,67,0,0,30.2148,31,,42,42,,0,0,0,1
1720334717463,1,1010123456002,72,,1,0,50,1,1,,14,34,0,0.02976,10,0,8.83333,,15.8741,286,0,4.54806,82,0,0,30.2898,31,,30,30,,0,0,0,1
1720334717713,1,1010123456002,72,,1,0,50,1,1,,14.1458,48,0,0.038624,13,0,8.83333,,15.8297,229,0,3.56358,66,0,0,30.6041,31,,42,42,,0,0,0,1
1720334717963,1,1010123456002,72,,1,0,50,1,1,,14.371,62,0,0.048448,16,0,8.71429,,15.8769,390,0,6.20467,111,0,0,30.3126,31,,57,57,,0,0,0,1
1720334718213,1,1010123456002,72,,1,0,50,1,1,,13.5455,55,0,0.060736,16,0,8.83333,,15.88,225,9800,3.5519,65,0,0,30.5101,31,,55,101,,0,0,0,1
1720334718463,1,1010123456002,72,,1,0,50,1,1,,12.7963,54,0,0.063296,14,0,8.83333,,15.8901,282,0,4.50083,81,0,0,30.3878,31,,56,148,,0,0,0,1
1720334718713,1,1010123456002,72,,1,0,50,1,1,,14.3958,48,0,0.036608,12,0,8.83333,,15.8462,247,0,3.82522,71,0,0,30.5883,31,,45,45,,0,0,0,1
1720334718963,1,1010123456002,72,,1,0,50,1,1,,13.3043,46,0,0.039648,14,0,8.71429,,15.8754,305,7505,4.74557,88,0,0,30.5025,31,,42,42,,0,0,0,1
1720334719213,1,1010123456002,72,,1,0,50,1,1,,13.4717,53,0,0.054208,14,0,8.66667,,15.8423,241,2365,3.66723,69,0,0,30.7069,31,,52,98,,0,0,0,1
1720334719463,1,1010123456002,72,,1,0,50,1,1,,14.3636,44,0,0.036608,12,0,9,,15.7778,252,0,3.82352,72,0,0,30.5738,31,,39,39,,0,0,0,1
1720334719713,1,1010123456002,72,,1,0,50,1,1,,14,43,0,0.038688,13,0,8.83333,,15.8803,259,0,4.0864,75,0,0,30.3706,31,,36,36,,0,0,0,1
1720334719963,1,1010123456002,72,,1,0,50,1,1,,14.2623,61,0,0.051488,17,0,9,,15.9076,303,12043,4.88307,87,0,0,30.3519,31,,54,54,,0,0,0,1
1720334720213,1,1010123456002,72,,1,0,50,1,1,,14.381,42,0,0.036608,12,0,8.66667,,15.877,244,14486,3.78701,70,0,0,30.5418,31,,42,42,,0,0,0,1
1720334720463,1,1010123456002,72,,1,0,50,1,1,,12.9333,30,0,0.034944,9,0,8.83333,,15.7413,259,135117,4.16685,75,0,0,30.3539,31,,31,77,,0,0,0,1
1720334720713,1,1010123456002,72,,1,0,50,1,1,,13.3947,38,0,0.030496,11,0,8.83333,,15.8529,306,0,4.81242,88,0,0,30.4554,31,,33,33,,0,0,0,1
1720334720963,1,1010123456002,72,,1,0,50,1,1,,14.2653,49,0,0.042272,14,0,9,,15.8737,285,7505,4.47277,82,0,0,30.4684,31,,48,48,,0,0,0,1
1720334721213,1,1010123456002,72,,1,0,50,1,1,,12.7222,54,0,0.069856,15,0,8.83333,,15.9073,205,4954,3.2503,59,0,0,30.4143,31,,53,145,,0,0,0,1
1720334721463,1,1010123456002,72,,1,0,50,1,1,,13.7091,55,0,0.055744,14,0,8.83333,,15.9496,258,0,4.25798,74,0,0,30.1782,31,,52,98,,0,0,0,1
1720334721713,1,1010123456002,72,,1,0,50,1,1,,14,33,0,0.032736,11,0,8.83333,,15.7016,258,0,4.0809,74,0,0,30.4167,31,,30,30,,0,0,0,1
1720334721963,1,1010123456002,72,,1,0,50,1,1,,14.3091,55,0,0.045216,15,0,8.85714,,15.835,394,0,6.20957,113,0,0,30.4167,31,,54,54,,0,0,0,1
1720334722213,1,1010123456002,72,,1,0,50,1,1,,14.2712,59,0,0.04464,15,0,8.66667,,15.9218,243,0,3.96275,70,0,0,30.2074,31,,57,57,,0,0,0,1
1720334722463,1,1010123456002,72,,1,0,50,1,1,,14.2857,42,0,0.033632,11,0,8.66667,,15.8613,238,3689,3.66694,69,0,0,30.5852,31,,42,42,,0,0,0,1
1720334722713,1,1010123456002,72,,1,0,50,1,1,,14,32,0,0.033632,11,0,8.83333,,15.8959,269,0,4.31715,78,0,0,30.3232,31,,30,30,,0,0,0,1
1720334722963,1,1010123456002,72,,1,0,50,1,1,,14.3636,44,0,0.036608,12,0,8.85714,,15.8522,230,16507,3.48326,66,0,0,30.6158,31,,39,39,,0,0,0,1
1720334723213,1,1010123456002,72,,1,0,50,1,1,,14.2727,44,0,0.036608,12,0,8.83333,,15.8587,283,0,4.51456,81,0,0,30.4089,31,,45,45,,0,0,0,1
1720334723463,1,1010123456002,72,,1,0,50,1,1,,14,39,0,0.02976,10,0,8.83333,,15.9417,223,0,3.62381,64,0,0,30.3936,31,,33,33,,0,0,0,1
1720334723713,1,1010123456002,72,,1,0,50,1,1,,14.2857,42,0,0.036608,12,0,8.83333,,15.8846,234,0,3.76109,68,0,0,30.4509,31,,36,36,,0,0,0,1
1720334723963,1,1010123456002,72,,1,0,50,1,1,,14.1667,42,0,0.038624,13,0,8.85714,,15.7329,307,0,4.91002,88,0,0,30.4574,31,,36,36,,0,0,0,1
1720334724213,1,1010123456002,72,,1,0,50,1,1,,13.3016,63,0,0.071136,15,0,8.83333,,15.9264,299,7997,4.84467,86,0,0,30.3645,31,,57,148,,0,0,0,1
1720334724463,1,1010123456002,72,,1,0,50,1,1,,14.2927,41,0,0.036608,12,0,8.66667,,15.9132,334,0,5.41325,96,0,0,30.3471,31,,33,33,,0,0,0,1
1720334724713,1,1010123456002,72,,1,0,50,1,1,,12.025,40,0,0.059424,13,0,8.5,,15.8691,275,0,4.2751,79,0,0,30.4482,31,,47,139,,0,0,0,1
1720334724963,1,1010123456002,72,,1,0,50,1,1,,14.25,48,0,0.039584,13,0,9,,15.8667,240,2915,3.74531,69,0,0,30.5244,31,,42,42,,0,0,0,1
1720334725213,1,1010123456002,72,,1,0,50,1,1,,14.4211,38,0,0.030656,10,0,8.83333,,15.8065,217,16382,3.35696,63,0,0,30.3976,31,,30,30,,0,0,0,1
1720334725463,1,1010123456002,72,,1,0,50,1,1,,14.575,40,87,0.033568,11,0,9,,15.9205,302,135117,4.92064,87,0,0,30.213,31,,33,33,,0,0,0,1
1720334725713,1,1010123456002,72,,1,0,50,1,1,,14.4571,35,0,0.030656,10,0,8.66667,,15.8353,255,0,3.91338,73,0,0,30.6036,31,,33,33,,0,0,0,1
1720334725963,1,1010123456002,72,,1,0,50,1,1,,13.2889,45,0,0.036736,13,0,8.71429,,15.8705,278,8787,4.39859,80,0,0,30.4002,31,,39,39,,0,0,0,1
1720334726213,1,1010123456002,72,,1,0,50,1,1,,14.377,61,0,0.048384,16,0,8.66667,,15.8583,360,0,5.73552,103,0,0,30.3299,31,,57,57,,0,0,0,1
1720334726463,1,1010123456002,72,,1,0,50,1,1,,14.3333,36,0,0.033632,11,0,9,,15.8283,233,0,3.55334,67,0,0,30.5684,31,,36,36,,0,0,0,1
1720334726713,1,1010123456002,72,,1,0,50,1,1,,14.3902,41,0,0.030656,10,0,8.83333,,15.9095,232,0,3.71222,67,0,0,30.2532,31,,36,36,,0,0,0,1
1720334726963,1,1010123456002,72,,1,0,50,1,1,,14.3636,44,0,0.036608,12,0,8.85714,,15.9003,301,376,4.76314,87,0,0,30.2722,31,,39,39,,0,0,0,1
1720334727213,1,1010123456002,72,,1,0,50,1,1,,13.3725,51,0,0.059328,14,0,8.83333,,15.8541,233,13697,3.64349,67,0,0,30.2956,31,,46,89,,0,0,0,1
1720334727463,1,1010123456002,72,,1,0,50,1,1,,12.8,30,0,0.041376,9,0,8.83333,,15.893,271,0,4.28851,78,0,0,30.4192,31,,26,71,,0,0,0,1
1720334727713,1,1010123456002,72,,1,0,50,1,1,,13.3333,48,87,0.036736,13,0,8.66667,,15.8619,268,0,4.20186,77,0,0,30.4581,31,,45,45,,0,0,0,1
1720334727963,1,1010123456002,72,,1,0,50,1,1,,12.9153,59,0,0.061824,17,0,8.57143,,15.8745,247,19325,3.90733,71,0,0,30.4412,31,,55,101,,0,0,0,1
1720334728213,1,1010123456002,72,,1,0,50,1,1,,14.3077,52,0,0.039584,13,0,8.66667,,15.9395,347,2389,5.71139,100,0,0,30.2249,31,,45,45,,0,0,0,1
1720334728463,1,1010123456002,72,,1,0,50,1,1,,14.1321,53,0,0.044576,15,0,8.66667,,15.9018,275,0,4.4175,79,0,0,30.3683,31,,48,48,,0,0,0,1
1720334728713,1,1010123456002,72,,1,0,50,1,1,,14.3077,39,0,0.033632,11,0,8.83333,,15.9156,237,0,3.7992,68,0,0,30.4175,31,,36,36,,0,0,0,1
1720334728963,1,1010123456002,72,,1,0,50,1,1,,14,44,0,0.035712,12,0,8.85714,,15.8636,264,7505,4.12672,76,0,0,30.3653,31,,39,39,,0,0,0,1
1720334729213,1,1010123456002,72,,1,0,50,1,1,,14,44,0,0.038624,13,0,9,,15.9056,286,0,4.59821,82,0,0,30.3744,31,,39,39,,0,0,0,1
1720334729463,1,1010123456002,72,,1,0,50,1,1,,14.3429,35,0,0.030656,10,0,8.83333,,15.8893,244,2661,3.8808,70,0,0,30.3857,31,,30,30,,0,0,0,1
1720334729713,1,1010123456002,72,,1,0,50,1,1,,14.2826,46,0,0.039328,13,0,8.66667,,15.9234,274,0,4.34486,78,0,0,30.387,31,,39,39,,0,0,0,1
1720334729963,1,1010123456002,72,,1,0,50,1,1,,14.3243,37,0,0.030656,10,0,8.85714,,15.9167,252,0,4.11318,73,0,0,30.2288,31,,33,33,,0,0,0,1
1720334730213,1,1010123456002,72,,1,0,50,1,1,,13.9,50,0,0.05872,15,0,8.83333,,15.877,252,2405,4.03165,72,0,0,30.384,31,,46,92,,0,0,0,1
1720334730463,1,1010123456002,72,,1,0,50,1,1,,13.4667,45,0,0.045152,11,0,8.83333,,15.963,324,0,5.38368,93,0,0,30.0242,31,,44,89,,0,0,0,1
1720334730713,1,1010123456002,72,,1,0,50,1,1,,14,29,0,0.026784,9,0,8.83333,,15.903,268,0,4.28595,77,0,0,30.3683,31,,24,24,,0,0,0,1
1720334730963,1,1010123456002,72,,1,0,50,1,1,,13.6912,68,0,0.066496,18,0,8.71429,,15.7874,254,7505,3.87488,73,0,0,30.6822,31,,61,107,,0,0,0,1
1720334731213,1,1010123456002,72,,1,0,50,1,1,,14.6216,37,0,0.036544,12,0,9,,15.9048,252,9800,3.92941,72,0,0,30.6006,31,,33,33,,0,0,0,1
1720334731463,1,1010123456002,72,,1,0,50,1,1,,14.0513,39,0,0.033216,11,0,8.83333,,15.8577,260,9789,4.05536,75,0,0,30.6208,31,,33,33,,0,0,0,1
1720334731713,1,1010123456002,72,,1,0,50,1,1,,14.1026,39,0,0.033344,11,0,8.83333,,15.9319,279,0,4.50928,80,0,0,30.2023,31,,33,33,,0,0,0,1
1720334731963,1,1010123456002,72,,1,0,50,1,1,,14.1892,37,87,0.029696,10,0,9,,15.8962,212,19325,3.37098,61,0,0,30.4007,31,,30,30,,0,0,0,1
1720334732213,1,1010123456002,72,,1,0,50,1,1,,14.3654,52,87,0.042496,14,0,8.83333,,15.8849,304,0,4.8351,87,0,0,30.3674,31,,48,48,,0,0,0,1
1720334732463,1,1010123456002,72,,1,0,50,1,1,,14,52,0,0.047616,16,0,9,,15.9146,328,0,5.38339,94,0,0,30.3372,31,,48,48,,0,0,0,1
1720334732713,1,1010123456002,72,,1,0,50,1,1,,13.375,48,0,0.03952,14,0,8.66667,,15.8824,289,0,4.58755,83,0,0,30.3849,31,,45,45,,0,0,0,1
1720334732963,1,1010123456002,72,,1,0,50,1,1,,14.3556,45,0,0.033632,11,0,9,,15.8382,272,12043,4.17005,78,0,0,30.6011,31,,39,39,,0,0,0,1
1720334733213,1,1010123456002,72,,1,0,50,1,1,,13.7273,44,0,0.060224,14,0,8.83333,,15.8293,246,2405,3.84349,71,0,0,30.5816,31,,43,86,,0,0,0,1
1720334733463,1,1010123456002,72,,1,0,50,1,1,,14.381,42,0,0.030656,10,0,8.83333,,15.9024,297,0,4.71238,85,0,0,30.2787,31,,39,39,,0,0,0,1
1720334733713,1,1010123456002,72,,1,0,50,1,1,,13.3333,36,0,0.027808,10,0,8.33333,,15.8143,237,0,3.59104,68,0,0,30.7275,31,,33,33,,0,0,0,1
1720334733963,1,1010123456002,72,,1,0,50,1,1,,13.4386,57,0,0.051456,16,0,8.71429,,15.8287,251,8787,3.97917,72,0,0,30.3736,31,,61,151,,0,0,0,1
1720334734213,1,1010123456002,72,,1,0,50,1,1,,14.3636,44,0,0.051104,13,0,8.83333,,15.853,279,2405,4.37862,80,0,0,30.4614,31,,45,45,,0,0,0,1
1720334734463,1,1010123456002,72,,1,0,50,1,1,,13.5,34,0,0.036128,9,0,8.83333,,15.8821,263,0,4.11309,76,0,0,30.4322,31,,28,74,,0,0,0,1
1720334734713,1,1010123456002,72,,1,0,50,1,1,,14.3654,52,0,0.042496,14,0,8.66667,,15.8956,364,0,5.82506,104,0,0,30.2734,31,,48,48,,0,0,0,1
1720334734963,1,1010123456002,72,,1,0,50,1,1,,14.5111,45,0,0.03952,13,0,8.85714,,15.8285,239,10287,3.67302,69,0,0,30.6312,31,,36,36,,0,0,0,1
1720334735213,1,1010123456002,72,,1,0,50,1,1,,14.3556,45,0,0.036608,12,0,8.5,,15.9015,264,2365,4.12605,76,0,0,30.5352,31,,42,42,,0,0,0,1
1720334735463,1,1010123456002,72,,1,0,50,1,1,,12.6667,33,0,0.032256,8,0,8.66667,,15.8996,269,0,4.22198,77,0,0,30.4557,31,,31,77,,0,0,0,1
1720334735713,1,1010123456002,72,,1,0,50,1,1,,14,40,0,0.038624,13,0,9,,15.9393,247,0,4.02083,71,0,0,30.1621,31,,36,36,,0,0,0,1
1720334735963,1,1010123456002,72,,1,0,50,1,1,,14.3,40,0,0.036608,12,0,8.57143,,15.7703,283,0,4.23053,81,0,0,30.7805,31,,36,36,,0,0,0,1
1720334736213,1,1010123456002,72,,1,0,50,1,1,,13.8065,62,0,0.064608,17,0,8.83333,,15.8648,244,9391,3.74576,70,0,0,30.5704,31,,65,157,,0,0,0,1
1720334736463,1,1010123456002,72,,1,0,50,1,1,,13.4146,41,0,0.03376,12,0,8.5,,15.8846,286,6234,4.49075,82,0,0,30.385,31,,39,39,,0,0,0,1
1720334736713,1,1010123456002,72,,1,0,50,1,1,,12.9107,56,0,0.051072,15,0,8.66667,,15.8946,370,0,5.96045,106,0,0,30.2344,31,,49,95,,0,0,0,1
1720334736963,1,1010123456002,72,,1,0,50,1,1,,14,29,0,0.023808,8,0,8.57143,,15.893,271,0,4.34061,78,0,0,30.3234,31,,27,27,,0,0,0,1
1720334737213,1,1010123456002,72,,1,0,50,1,1,,12.6154,52,0,0.063296,14,0,9,,15.8683,243,2336,3.74368,70,0,0,30.4655,31,,54,192,,0,0,0,1
1720334737463,1,1010123456002,72,,1,0,50,1,1,,14.3636,44,0,0.039584,13,0,8.83333,,15.7683,259,1488,3.99046,74,0,0,30.4878,31,,39,39,,0,0,0,1
1720334737713,1,1010123456002,72,,1,0,50,1,1,,14,42,0,0.035584,12,0,8.83333,,15.8321,262,0,4.0553,75,0,0,30.5181,31,,39,39,,0,0,0,1
1720334737963,1,1010123456002,72,,1,0,50,1,1,,14.4324,37,0,0.030656,10,0,9,,15.9012,253,0,4.00726,72,0,0,30.3348,31,,30,30,,0,0,0,1
1720334738213,1,1010123456002,72,,1,0,50,1,1,,14.3478,46,0,0.039584,13,0,9,,15.9039,229,14486,3.63411,66,0,0,30.5421,31,,42,42,,0,0,0,1
1720334738463,1,1010123456002,72,,1,0,50,1,1,,13.2195,41,0,0.03376,12,0,8.66667,,15.8824,255,0,4.07181,74,0,0,30.3013,31,,36,36,,0,0,0,1
1720334738713,1,1010123456002,72,,1,0,50,1,1,,13.6212,66,0,0.048288,17,0,8.83333,,15.912,375,0,6.11619,108,0,0,30.2937,31,,57,57,,0,0,0,1
1720334738963,1,1010123456002,72,,1,0,50,1,1,,14.3721,43,0,0.039584,13,0,9,,15.7296,270,91,4.10272,77,0,0,30.7297,31,,42,42,,0,0,0,1
1720334739213,1,1010123456002,72,,1,0,50,1,1,,13.9123,57,0,0.05872,15,0,8.66667,,15.7737,243,2365,3.63824,70,0,0,30.8666,31,,67,113,,0,0,0,1
1720334739463,1,1010123456002,72,,1,0,50,1,1,,14.6053,38,0,0.033568,11,0,9,,15.9217,217,0,3.36624,62,0,0,30.2494,31,,30,30,,0,0,0,1
1720334739713,1,1010123456002,72,,1,0,50,1,1,,14.2963,54,0,0.042496,14,0,8.83333,,15.934,288,0,4.6864,83,0,0,30.2405,31,,45,45,,0,0,0,1
1720334739963,1,1010123456002,72,,1,0,50,1,1,,13.3684,38,0,0.03376,12,0,8.71429,,15.8589,248,0,3.82195,71,0,0,30.6955,31,,39,39,,0,0,0,1
1720334740213,1,1010123456002,72,,1,0,50,1,1,,13.7143,56,0,0.061696,16,0,8.66667,,15.8596,235,14486,3.7089,68,0,0,30.4668,31,,52,98,,0,0,0,1
1720334740463,1,1010123456002,72,,1,0,50,1,1,,14,42,0,0.035712,12,0,8.83333,,15.8932,281,135117,4.47549,81,0,0,30.3179,31,,36,36,,0,0,0,1
1720334740713,1,1010123456002,72,,1,0,50,1,1,,14.2791,43,0,0.033632,11,0,8.83333,,15.8571,259,46444,4.07898,75,0,0,30.5199,31,,36,36,,0,0,0,1
1720334740963,1,1010123456002,72,,1,0,50,1,1,,14.32,50,0,0.045536,15,0,8.85714,,15.9124,331,7505,5.40074,95,0,0,30.1994,31,,48,48,,0,0,0,1
1720334741213,1,1010123456002,72,,1,0,50,1,1,,14.2826,46,0,0.039328,13,0,8.66667,,15.8312,231,2352,3.57578,67,0,0,30.5658,31,,39,39,,0,0,0,1
1720334741463,1,1010123456002,72,,1,0,50,1,1,,14.2553,47,0,0.036608,12,0,8.66667,,15.9091,286,0,4.62077,82,0,0,30.336,31,,39,39,,0,0,0,1
1720334741713,1,1010123456002,72,,1,0,50,1,1,,14.3429,35,0,0.033632,11,0,9,,15.9206,277,0,4.37232,79,0,0,30.4508,31,,30,30,,0,0,0,1
1720334741963,1,1010123456002,72,,1,0,50,1,1,,14.4419,43,0,0.032672,11,0,8.85714,,15.7654,260,10287,3.77261,74,0,0,30.9785,31,,39,39,,0,0,0,1
1720334742213,1,1010123456002,72,,1,0,50,1,1,,13.6731,52,0,0.05872,15,0,9,,15.8864,273,0,4.37846,78,0,0,30.3837,31,,49,95,,0,0,0,1
1720334742463,1,1010123456002,72,,1,0,50,1,1,,14.6053,38,0,0.036544,12,0,8.5,,15.6477,264,0,4.03158,76,0,0,30.6868,31,,33,33,,0,0,0,1
1720334742713,1,1010123456002,72,,1,0,50,1,1,,14.3,40,0,0.033632,11,0,8.83333,,15.9004,251,0,4.00893,72,0,0,30.3348,31,,36,36,,0,0,0,1
1720334742963,1,1010123456002,72,,1,0,50,1,1,,13.4074,54,0,0.045664,16,0,8.57143,,15.9241,303,7505,4.89328,87,0,0,30.3124,31,,48,48,,0,0,0,1
1720334743213,1,1010123456002,72,,1,0,50,1,1,,13.6923,52,0,0.055744,14,0,8.83333,,15.8356,292,0,4.53715,84,0,0,30.5346,31,,49,95,,0,0,0,1
1720334743463,1,1010123456002,72,,1,0,50,1,1,,14.1053,38,0,0.033344,11,0,8.83333,,15.8325,191,3416,2.89776,55,0,0,30.6402,31,,33,33,,0,0,0,1
1720334743713,1,1010123456002,72,,1,0,50,1,1,,14.875,32,142,0.024704,8,0,8.66667,,15.8214,308,0,4.82112,89,0,0,30.4596,31,,27,27,,0,0,0,1
1720334743963,1,1010123456002,72,,1,0,50,1,1,,13.92,50,0,0.045248,15,0,8.85714,,15.9446,271,0,4.36704,78,0,0,30.2482,31,,45,45,,0,0,0,1
1720334744213,1,1010123456002,72,,1,0,50,1,1,,14.2927,41,0,0.033632,11,0,8.5,,15.9075,227,0,3.68349,65,0,0,30.2767,31,,39,39,,0,0,0,1
1720334744463,1,1010123456002,72,,1,0,50,1,1,,14,41,0,0.035712,12,0,8.66667,,15.888,241,0,3.82256,69,0,0,30.4333,31,,36,36,,0,0,0,1
1720334744713,1,1010123456002,72,,1,0,50,1,1,,13.5385,52,0,0.036736,13,0,8.83333,,15.9088,285,0,4.61613,82,0,0,30.1477,31,,45,45,,0,0,0,1
1720334744963,1,1010123456002,72,,1,0,50,1,1,,13.4,40,0,0.03376,12,0,8.85714,,15.8586,304,376,4.79238,87,0,0,30.43,31,,39,39,,0,0,0,1
1720334745213,1,1010123456002,72,,1,0,50,1,1,,13.6724,58,0,0.063808,14,0,8.66667,,15.7909,287,2881,4.49235,82,0,0,30.5338,31,,58,104,,0,0,0,1
1720334745463,1,1010123456002,72,,1,0,50,1,1,,13.9592,49,0,0.04384,15,0,8.66667,,15.8421,266,0,4.17859,77,0,0,30.3821,31,,45,45,,0,0,0,1
1720334745713,1,1010123456002,72,,1,0,50,1,1,,14.3404,47,0,0.039584,13,0,8.66667,,15.908,261,0,4.21834,75,0,0,30.2886,31,,39,39,,0,0,0,1
1720334745963,1,1010123456002,72,,1,0,50,1,1,,14.381,42,0,0.036608,12,0,9,,15.8642,265,14099,4.18224,77,0,0,30.3916,31,,36,36,,0,0,0,1
1720334746213,1,1010123456002,72,,1,0,50,1,1,,14,38,0,0.035648,12,0,8.83333,,15.8438,320,0,4.91037,92,0,0,30.603,31,,36,36,,0,0,0,1
1720334746463,1,1010123456002,72,,1,0,50,1,1,,13.4576,59,0,0.057824,15,0,8.83333,,15.8554,249,4254,3.90912,72,0,0,30.458,31,,55,101,,0,0,0,1
1720334746713,1,1010123456002,72,,1,0,50,1,1,,13.4688,32,0,0.039104,10,0,9,,15.8718,234,0,3.67325,67,0,0,30.3971,31,,28,74,,0,0,0,1
1720334746963,1,1010123456002,72,,1,0,50,1,1,,14,35,0,0.026784,9,0,9,,15.7984,258,0,4.02403,74,0,0,30.384,31,,33,33,,0,0,0,1
1720334747213,1,1010123456002,72,,1,0,50,1,1,,14.2105,57,0,0.048512,16,0,9,,15.7367,300,0,4.84189,86,0,0,30.3235,31,,51,51,,0,0,0,1
1720334747463,1,1010123456002,72,,1,0,50,1,1,,13.2,40,0,0.036736,13,0,8.83333,,15.9234,209,0,3.38358,60,0,0,30.2669,31,,36,36,,0,0,0,1
1720334747713,1,1010123456002,72,,1,0,50,1,1,,14.2449,49,0,0.03952,13,0,8.83333,,15.8956,297,0,4.7448,86,0,0,30.4359,31,,48,48,,0,0,0,1
1720334747963,1,1010123456002,72,,1,0,50,1,1,,15.3514,37,0,0.030112,9,0,8.85714,,15.88,275,10287,4.32739,79,0,0,30.4018,31,,30,30,,0,0,0,1
1720334748213,1,1010123456002,72,,1,0,50,1,1,,13.5745,47,0,0.057248,13,0,8.33333,,15.7556,270,0,4.18534,78,0,0,30.5235,31,,46,89,,0,0,0,1
1720334748463,1,1010123456002,72,,1,0,50,1,1,,14.3265,49,0,0.039584,13,0,9,,15.8603,229,2692,3.59539,66,0,0,30.4228,31,,42,42,,0,0,0,1
1720334748713,1,1010123456002,72,,1,0,50,1,1,,14,39,0,0.035648,12,0,8.66667,,15.8544,261,0,4.12826,75,0,0,30.3412,31,,33,33,,0,0,0,1
1720334748963,1,1010123456002,72,,1,0,50,1,1,,14.2222,36,0,0.0304,10,0,8.85714,,15.7854,233,8787,3.59603,67,0,0,30.5837,31,,36,36,,0,0,0,1
1720334749213,1,1010123456002,72,,1,0,50,1,1,,14.2034,59,0,0.051488,17,0,8.5,,15.9074,324,9800,5.2567,93,0,0,30.242,31,,48,48,,0,0,0,1
1720334749463,1,1010123456002,72,,1,0,50,1,1,,14.2791,43,0,0.039584,13,0,9,,15.853,279,0,4.40634,80,0,0,30.366,31,,39,39,,0,0,0,1
1720334749713,1,1010123456002,72,,1,0,50,1,1,,13.6522,46,0,0.052768,13,0,8.83333,,15.9163,263,0,4.28048,76,0,0,30.272,31,,43,89,,0,0,0,1
1720334749963,1,1010123456002,72,,1,0,50,1,1,,14.0714,42,0,0.026528,9,0,8.85714,,15.875,288,8787,4.52624,83,0,0,30.5265,31,,42,42,,0,0,0,1
1720334750213,1,1010123456002,72,,1,0,50,1,1,,14.3077,39,87,0.042496,14,0,9,,15.8531,245,0,3.87056,70,0,0,30.3493,31,,33,33,,0,0,0,1
1720334750463,1,1010123456002,72,,1,0,50,1,1,,14,48,0,0.035712,12,0,8.66667,,15.7878,278,0,4.47309,80,0,0,30.2705,31,,42,42,,0,0,0,1
1720334750713,1,1010123456002,72,,1,0,50,1,1,,14.3077,39,0,0.036608,12,0,8.83333,,15.8411,258,139221,4.09392,74,0,0,30.3613,31,,36,36,,0,0,0,1
1720334750963,1,1010123456002,72,,1,0,50,1,1,,14.3429,35,0,0.030656,10,0,8.85714,,15.8364,275,8787,4.36541,79,0,0,30.3766,31,,30,30,,0,0,0,1
1720334751213,1,1010123456002,72,,1,0,50,1,1,,13.6216,74,0,0.084736,21,0,8.83333,,15.9485,408,0,6.78054,117,0,0,30.1169,31,,73,116,,0,0,0,1
1720334751463,1,1010123456002,72,,1,0,50,1,1,,13.4754,61,0,0.04864,17,0,8.83333,,15.8543,254,0,3.95846,73,0,0,30.4269,31,,51,51,,0,0,0,1
1720334751713,1,1010123456002,72,,1,0,50,1,1,,14,35,0,0.02976,10,0,8.66667,,15.9433,282,0,4.5792,81,0,0,30.159,31,,30,30,,0,0,0,1
1720334751963,1,1010123456002,72,,1,0,50,1,1,,14.2927,41,0,0.02768,9,0,8.71429,,15.9094,254,7505,4.08906,73,0,0,30.294,31,,36,36,,0,0,0,1
1720334752213,1,1010123456002,72,,1,0,50,1,1,,13.1351,37,0,0.039712,14,0,8.83333,,15.9091,286,2152,4.52093,82,0,0,30.4416,31,,33,33,,0,0,0,1
1720334752463,1,1010123456002,72,,1,0,50,1,1,,14.4103,39,0,0.030656,10,0,8.66667,,15.8292,281,0,4.3896,81,0,0,30.5351,31,,33,33,,0,0,0,1
1720334752713,1,1010123456002,72,,1,0,50,1,1,,13.3962,53,0,0.06016,16,0,8.5,,15.8486,251,0,3.86458,72,0,0,30.6102,31,,55,101,,0,0,0,1
1720334752963,1,1010123456002,72,,1,0,50,1,1,,13.2,50,0,0.036448,13,0,8.71429,,15.8644,295,8787,4.66822,85,0,0,30.3882,31,,42,42,,0,0,0,1
1720334753213,1,1010123456002,72,,1,0,50,1,1,,14.3902,41,0,0.036608,12,0,8.66667,,15.9156,237,2336,3.85344,68,0,0,30.2299,31,,33,33,,0,0,0,1
1720334753463,1,1010123456002,72,,1,0,50,1,1,,14.2807,57,0,0.048512,16,0,8.83333,,15.9377,385,1488,6.25517,110,0,0,30.2028,31,,51,51,,0,0,0,1
1720334753713,1,1010123456002,72,,1,0,50,1,1,,14.3478,46,0,0.036608,12,0,9,,15.8778,270,0,4.31331,78,0,0,30.4279,31,,36,36,,0,0,0,1
1720334753963,1,1010123456002,72,,1,0,50,1,1,,14,39,0,0.035712,12,0,9,,15.8825,298,8787,4.75315,86,0,0,30.3576,31,,39,39,,0,0,0,1
1720334754213,1,1010123456002,72,,1,0,50,1,1,,13.8511,47,0,0.053984,12,0,8.83333,,15.8692,214,0,3.37411,61,0,0,30.4104,31,,43,86,,0,0,0,1
1720334754463,1,1010123456002,72,,1,0,50,1,1,,14.3265,49,0,0.039584,13,0,8.66667,,15.834,247,0,3.84038,71,0,0,30.4347,31,,39,39,,0,0,0,1
1720334754713,1,1010123456002,72,,1,0,50,1,1,,14.2059,34,0,0.032672,11,0,8.83333,,15.8248,274,0,4.33952,79,0,0,30.4279,31,,30,30,,0,0,0,1
1720334754963,1,1010123456002,72,,1,0,50,1,1,,13.175,40,0,0.041184,11,0,8.85714,,15.8704,301,0,4.77984,87,0,0,30.2697,31,,37,83,,0,0,0,1
1720334755213,1,1010123456002,72,,1,0,50,1,1,,14,40,0,0.032736,11,0,8.66667,,15.8645,251,0,3.96147,72,0,0,30.3308,31,,39,39,,0,0,0,1
1720334755463,1,1010123456002,72,,1,0,50,1,1,,13.68,50,0,0.041088,14,0,8.83333,,15.7915,331,1324,5.27168,95,0,0,30.294,31,,45,45,,0,0,0,1
1720334755713,1,1010123456002,72,,1,0,50,1,1,,14,42,0,0.038688,13,0,8.83333,,15.8776,245,0,3.85069,70,0,0,30.3196,31,,36,36,,0,0,0,1
1720334755963,1,1010123456002,72,,1,0,50,1,1,,15.2143,56,0,0.059776,16,0,8.85714,,15.8577,246,10287,3.79126,71,0,0,30.608,31,,54,54,,0,0,0,1
1720334756213,1,1010123456002,72,,1,0,50,1,1,,14,43,0,0.035712,12,0,8.83333,,15.7246,305,3905,4.82899,88,0,0,30.4452,31,,36,36,,0,0,0,1
1720334756463,1,1010123456002,72,,1,0,50,1,1,,14.3404,47,0,0.036608,12,0,9,,15.8508,315,2629,4.9415,91,0,0,30.4214,31,,39,39,,0,0,0,1
1720334756713,1,1010123456002,72,,1,0,50,1,1,,14.4,40,0,0.033632,11,0,8.66667,,15.8567,314,0,4.92829,90,0,0,30.3622,31,,33,33,,0,0,0,1
1720334756963,1,1010123456002,72,,1,0,50,1,1,,14.3077,39,0,0.032736,11,0,8.85714,,15.8396,212,19325,3.31866,61,0,0,30.3916,31,,36,36,,0,0,0,1
1720334757213,1,1010123456002,72,,1,0,50,1,1,,13.52,50,0,0.060224,14,0,8.5,,15.7163,282,2401,4.46506,81,0,0,30.4528,31,,49,92,,0,0,0,1
1720334757463,1,1010123456002,72,,1,0,50,1,1,,14.4848,33,0,0.030656,10,0,8.66667,,15.9211,355,18686,5.75238,102,0,0,30.2729,31,,30,30,,0,0,0,1
1720334757713,1,1010123456002,72,,1,0,50,1,1,,13.2059,68,0,0.077184,18,0,9,,15.9011,354,0,5.76621,101,0,0,30.2491,31,,63,154,,0,0,0,1
1720334757963,1,1010123456002,72,,1,0,50,1,1,,14.3429,35,0,0.030656,10,0,8.85714,,15.8059,237,7505,3.63174,68,0,0,30.5182,31,,30,30,,0,0,0,1
1720334758213,1,1010123456002,72,,1,0,50,1,1,,14.2667,45,0,0.039584,13,0,8.83333,,15.7828,221,11187,3.38182,64,0,0,30.6522,31,,36,36,,0,0,0,1
1720334758463,1,1010123456002,72,,1,0,50,1,1,,14.4848,33,0,0.02768,9,0,8.66667,,15.8961,308,0,4.97581,89,0,0,30.2246,31,,27,27,,0,0,0,1
1720334758713,1,1010123456002,72,,1,0,50,1,1,,14,41,0,0.032736,11,0,8.83333,,15.877,252,0,3.88541,72,0,0,30.5558,31,,33,33,,0,0,0,1
1720334758963,1,1010123456002,72,,1,0,50,1,1,,13.7241,58,0,0.05872,15,0,8.71429,,15.9088,285,10287,4.58099,82,0,0,30.323,31,,52,98,,0,0,0,1
1720334759213,1,1010123456002,72,,1,0,50,1,1,,13.4545,44,0,0.036736,13,0,8.66667,,15.6667,237,4954,3.67981,68,0,0,30.5912,31,,39,39,,0,0,0,1
1720334759463,1,1010123456002,72,,1,0,50,1,1,,14,36,0,0.032736,11,0,8.83333,,15.9358,265,0,4.35408,76,0,0,30.1529,31,,33,33,,0,0,0,1
1720334759713,1,1010123456002,72,,1,0,50,1,1,,14.2449,49,0,0.045472,15,0,8.66667,,15.8965,367,0,5.87434,105,0,0,30.3382,31,,42,42,,0,0,0,1
1720334759963,1,1010123456002,72,,1,0,50,1,1,,12.8214,28,0,0.02928,7,0,8.42857,,15.8672,271,8787,4.26368,78,0,0,30.3347,31,,28,74,,0,0,0,1
1720334760213,1,1010123456002,72,,1,0,50,1,1,,13.6078,51,0,0.0632,15,0,8.66667,,15.8816,245,12618,3.89898,71,0,0,30.3785,31,,49,92,,0,0,0,1
1720334760463,1,1010123456002,72,,1,0,50,1,1,,12.2553,47,0,0.047552,14,0,8.83333,,15.7402,254,136772,3.97584,73,0,0,30.4798,31,,46,92,,0,0,0,1
1720334760713,1,1010123456002,72,,1,0,50,1,1,,12.2317,82,0,0.053696,21,0,8.33333,,15.8895,344,0,5.53341,99,0,0,30.2449,31,,66,66,,0,0,0,1
1720334760963,1,1010123456002,72,,1,0,50,1,1,,14.24,50,0,0.045536,15,0,9,,15.7479,242,14099,3.84726,70,0,0,30.4124,31,,45,45,,0,0,0,1
1720334761213,1,1010123456002,72,,1,0,50,1,1,,14.2927,41,0,0.036608,12,0,8.83333,,15.9522,314,8253,5.19216,90,0,0,30.2059,31,,36,36,,0,0,0,1
1720334761463,1,1010123456002,72,,1,0,50,1,1,,13.6627,83,0,0.077792,23,0,8.66667,,15.9896,577,0,9.77206,165,0,0,30.0221,31,,76,122,,0,0,0,1
1720334761713,1,1010123456002,72,,1,0,50,1,1,,13.6716,67,0,0.064864,19,0,9,,15.9737,456,55366,7.63936,131,0,0,30.0984,31,,61,107,,0,0,0,1
1720334761963,1,1010123456002,72,,1,0,50,1,1,,13.5417,72,0,0.073728,19,0,8.85714,,15.9865,444,94812,7.5007,127,0,0,29.9601,31,,73,116,,0,0,0,1
1720334762213,1,1010123456002,72,,1,0,50,1,1,,13.7727,88,0,0.086432,25,0,8.83333,,15.9863,658,0,11.1602,188,0,0,30.0094,31,,80,125,,0,0,0,1
1720334762463,1,1010123456002,72,,1,0,50,1,1,,13.6889,90,0,0.08064,24,0,8.66667,,15.9899,595,0,10.0652,170,0,0,29.977,31,,76,122,,0,0,0,1
1720334762713,1,1010123456002,72,,1,0,50,1,1,,14.2069,58,0,0.051424,17,0,9,,15.9044,251,0,4.06266,72,0,0,30.2678,31,,48,48,,0,0,0,1
1720334762963,1,1010123456002,72,,1,0,50,1,1,,14.3404,47,0,0.039584,13,0,8.85714,,15.8882,313,10287,4.96762,90,0,0,30.3995,31,,42,42,,0,0,0,1
1720334763213,1,1010123456002,72,,1,0,50,1,1,,13.6078,51,0,0.055744,14,0,8.83333,,15.9106,302,0,4.87408,87,0,0,30.3866,31,,58,104,,0,0,0,1
1720334763463,1,1010123456002,72,,1,0,50,1,1,,14.2222,54,0,0.045536,15,0,8.83333,,15.8843,268,8631,4.31565,77,0,0,30.2744,31,,54,54,,0,0,0,1
1720334763713,1,1010123456002,72,,1,0,50,1,1,,13.6393,61,0,0.042976,15,0,9,,15.9336,301,65219,4.87885,86,0,0,30.3555,31,,57,57,,0,0,0,1
1720334763963,1,1010123456002,72,,1,0,50,1,1,,14.3171,82,0,0.072192,24,0,8.85714,,15.963,514,26487,8.61462,147,0,0,30.0088,31,,81,81,,0,0,0,1
1720334764213,1,1010123456002,72,,1,0,50,1,1,,14.1129,62,0,0.056416,19,0,8.83333,,15.9497,398,2352,6.56582,114,0,0,30.2206,31,,57,57,,0,0,0,1
1720334764463,1,1010123456002,72,,1,0,50,1,1,,13.5536,56,0,0.042624,15,0,8.83333,,15.8951,305,139005,4.89606,88,0,0,30.311,31,,51,51,,0,0,0,1
1720334764713,1,1010123456002,72,,1,0,50,1,1,,14.2791,43,0,0.039584,13,0,8.83333,,15.908,261,0,4.20579,75,0,0,30.2221,31,,45,45,,0,0,0,1
1720334764963,1,1010123456002,72,,1,0,50,1,1,,13.5385,52,0,0.036736,13,0,8.85714,,15.8856,236,26487,3.74701,68,0,0,30.2951,31,,51,51,,0,0,0,1
1720334765213,1,1010123456002,72,,1,0,50,1,1,,13.8163,49,0,0.058656,15,0,8.5,,15.9299,271,2389,4.43229,78,0,0,30.2301,31,,49,95,,0,0,0,1
1720334765463,1,1010123456002,72,,1,0,50,1,1,,14.2857,42,0,0.039584,13,0,8.83333,,15.9167,312,0,5.02288,90,0,0,30.3793,31,,39,39,,0,0,0,1
1720334765713,1,1010123456002,72,,1,0,50,1,1,,13.5556,54,0,0.036736,13,0,8.83333,,15.8295,264,0,4.32208,76,0,0,30.2834,31,,48,48,,0,0,0,1
1720334765963,1,1010123456002,72,,1,0,50,1,1,,14.0986,71,0,0.062432,21,0,8.85714,,15.932,485,0,7.988,139,0,0,30.1505,31,,69,69,,0,0,0,1
1720334766213,1,1010123456002,72,,1,0,50,1,1,,14.1,60,0,0.064608,17,0,8.83333,,15.8339,289,2405,4.52934,83,0,0,30.613,31,,55,101,,0,0,0,1
1720334766463,1,1010123456002,72,,1,0,50,1,1,,14.3902,41,0,0.033632,11,0,8.83333,,15.8857,315,0,5.11514,91,0,0,30.2436,31,,33,33,,0,0,0,1
1720334766713,1,1010123456002,72,,1,0,50,1,1,,13.4074,54,0,0.042688,15,0,8.5,,15.9245,265,0,4.3609,76,0,0,30.1529,31,,57,57,,0,0,0,1
1720334766963,1,1010123456002,72,,1,0,50,1,1,,14.3721,43,0,0.032736,11,0,8.57143,,15.8543,302,0,4.73946,87,0,0,30.4062,31,,36,36,,0,0,0,1
1720334767213,1,1010123456002,72,,1,0,50,1,1,,14,34,0,0.033632,11,0,8.83333,,15.917,265,2336,4.23494,76,0,0,30.2327,31,,33,33,,0,0,0,1
1720334767463,1,1010123456002,72,,1,0,50,1,1,,14.4103,39,0,0.033632,11,0,9,,15.8532,293,2384,4.61824,84,0,0,30.4779,31,,42,42,,0,0,0,1
1720334767713,1,1010123456002,72,,1,0,50,1,1,,14.3265,49,0,0.036608,12,0,9,,15.8811,244,0,3.80259,70,0,0,30.3297,31,,45,45,,0,0,0,1
1720334767963,1,1010123456002,72,,1,0,50,1,1,,14.2353,68,0,0.05744,19,0,8.85714,,15.9282,376,19325,6.17264,108,0,0,30.1521,31,,57,57,,0,0,0,1
1720334768213,1,1010123456002,72,,1,0,50,1,1,,13.3509,57,0,0.059008,16,0,8.5,,15.8971,272,4698,4.29139,78,0,0,30.3408,31,,52,98,,0,0,0,1
1720334768463,1,1010123456002,72,,1,0,50,1,1,,13.3962,53,0,0.039712,14,0,8.5,,15.8993,308,0,4.88413,88,0,0,30.3781,31,,54,54,,0,0,0,1
1720334768713,1,1010123456002,72,,1,0,50,1,1,,13.4419,43,0,0.036736,13,0,8.83333,,15.8692,260,0,4.12282,75,0,0,30.4775,31,,45,45,,0,0,0,1
1720334768963,1,1010123456002,72,,1,0,50,1,1,,14.5349,43,0,0.033568,11,0,8.71429,,15.88,275,0,4.2896,79,0,0,30.4797,31,,39,39,,0,0,0,1
1720334769213,1,1010123456002,72,,1,0,50,1,1,,13.9107,56,0,0.05872,15,0,9,,15.8717,265,2365,4.20195,76,0,0,30.374,31,,52,98,,0,0,0,1
1720334769463,1,1010123456002,72,,1,0,50,1,1,,14.3556,45,0,0.033632,11,0,8.66667,,15.8381,278,0,4.35706,80,0,0,30.5634,31,,42,42,,0,0,0,1
1720334769713,1,1010123456002,72,,1,0,50,1,1,,14.4571,35,0,0.033632,11,0,8.66667,,15.9455,275,0,4.50544,79,0,0,30.2329,31,,33,33,,0,0,0,1
1720334769963,1,1010123456002,72,,1,0,50,1,1,,14.2712,59,0,0.048512,16,0,9,,15.9294,354,2365,5.84262,102,0,0,30.196,31,,51,51,,0,0,0,1
1720334770213,1,1010123456002,72,,1,0,50,1,1,,14.2182,55,0,0.051488,17,0,8.66667,,15.921,291,0,4.56154,83,0,0,30.3854,31,,51,51,,0,0,0,1
1720334770463,1,1010123456002,72,,1,0,50,1,1,,13.3962,53,0,0.039712,14,0,8.5,,15.9309,275,0,4.45811,79,0,0,30.2706,31,,45,45,,0,0,0,1
1720334770713,1,1010123456002,72,,1,0,50,1,1,,14.2609,46,0,0.04256,14,0,9,,15.8912,239,0,3.80176,69,0,0,30.4932,31,,45,45,,0,0,0,1
1720334770963,1,1010123456002,72,,1,0,50,1,1,,14.3902,41,0,0.033632,11,0,9,,15.9153,295,0,4.75222,85,0,0,30.3886,31,,36,36,,0,0,0,1
1720334771213,1,1010123456002,72,,1,0,50,1,1,,13.7419,62,0,0.064672,17,0,8.83333,,15.8526,251,2405,3.9224,72,0,0,30.4565,31,,55,101,,0,0,0,1
1720334771463,1,1010123456002,72,,1,0,50,1,1,,14.3243,37,0,0.030656,10,0,8.83333,,15.8881,268,2141,4.2185,77,0,0,30.3887,31,,36,36,,0,0,0,1
1720334771713,1,1010123456002,72,,1,0,50,1,1,,14.3243,37,87,0.030656,10,0,8.83333,,15.8478,289,0,4.48458,83,0,0,30.5768,31,,33,33,,0,0,0,1
1720334771963,1,1010123456002,72,,1,0,50,1,1,,14.3478,46,0,0.039584,13,0,8.85714,,15.8951,286,0,4.58176,82,0,0,30.3609,31,,45,45,,0,0,0,1
1720334772213,1,1010123456002,72,,1,0,50,1,1,,13.9444,90,0,0.081568,23,0,8.66667,,15.9809,472,12116,7.92077,135,0,0,30.0581,31,,92,184,,0,0,0,1
1720334772463,1,1010123456002,72,,1,0,50,1,1,,14.1644,73,0,0.063392,21,0,8.5,,15.9793,435,35900,7.3415,125,0,0,30.0341,31,,69,69,,0,0,0,1
1720334772713,1,1010123456002,72,,1,0,50,1,1,,14.0886,79,0,0.06928,23,0,9,,15.978,545,1380,9.1824,156,0,0,30.0745,31,,81,81,,0,0,0,1
1720334772963,1,1010123456002,72,,1,0,50,1,1,,14.3333,69,0,0.0544,18,0,9,,15.9636,439,0,7.37501,126,0,0,30.0509,31,,69,69,,0,0,0,1
1720334773213,1,1010123456002,72,,1,0,50,1,1,,14.1935,62,0,0.0544,18,0,9,,15.9585,386,4954,6.43571,111,0,0,30.1495,31,,57,57,,0,0,0,1
1720334773463,1,1010123456002,72,,1,0,50,1,1,,13.5556,72,0,0.057568,20,0,8.5,,15.9795,438,0,7.34038,125,0,0,30.0855,31,,60,60,,0,0,0,1
1720334773713,1,1010123456002,72,,1,0,50,1,1,,14.0282,71,0,0.055968,19,0,8.5,,15.9673,398,0,6.61802,114,0,0,30.1157,31,,63,63,,0,0,0,1
1720334773963,1,1010123456002,72,,1,0,50,1,1,,14,66,0,0.050528,17,0,8.57143,,15.9124,411,26487,6.69152,118,0,0,30.3332,31,,57,57,,0,0,0,1
1720334774213,1,1010123456002,72,,1,0,50,1,1,,14.4516,93,0,0.075232,25,0,9,,15.8251,446,0,7.15584,127,0,0,30.3397,31,,93,93,,0,0,0,1
1720334774463,1,1010123456002,72,,1,0,50,1,1,,11.6757,37,0,0.041824,14,0,8.83333,,0,0,0,0,0,0,0,0,0,,36,36,,0,0,0,0
1720334774713,1,1010123456002,72,,1,0,50,1,1,,0,3,0,0.00272,1,0,8.83333,,0,0,0,0,0,0,0,0,0,,3,3,,0,0,0,0
1720334774963,1,1010123456002,72,,1,0,50,1,1,,13,4,0,0.00272,1,0,8.57143,,0,0,0,0,0,0,0,0,0,,3,3,,0,0,0,0
1720334775213,1,1010123456002,72,,1,0,50,1,1,,0,0,0,0,0,0,8.83333,,0,3,0,0.1,1,0,0,0,31,,0,0,,0,0,0,0
1720334775463,1,1010123456002,72,,1,0,50,1,1,,0,0,0,0,0,0,8.83333,,0,0,0,0,0,0,0,0,0,,0,0,,0,0,0,0
1720334775713,1,1010123456002,72,,1,0,50,1,1,,0,3,0,0.00272,1,0,8.83333,,0,0,0,0,0,0,0,0,0,,3,3,,0,0,0,0
1720334775963,1,1010123456002,72,,1,0,50,1,1,,0,0,0,0,0,0,8.85714,,0,0,0,0,0,0,0,0,0,,0,0,,0,0,0,0
1720334776213,1,1010123456002,72,,1,0,50,1,1,,0,0,0,0,0,0,9,,0,0,0,0,0,0,0,0,0,,0,0,,0,0,0,0
1720334776463,1,1010123456002,72,,1,0,50,1,1,,0,0,0,0,0,0,8.83333,,0,0,0,0,0,0,0,0,0,,0,0,,0,0,0,0
1720334776713,1,1010123456002,72,,1,0,50,1,1,,0,0,0,0,0,0,9,,0,0,0,0,0,0,0,0,0,,0,0,,0,0,0,0
1720334776963,1,1010123456002,72,,1,0,50,1,1,,0,3,0,0.00272,1,0,9,,0,0,0,0,0,0,0,0,0,,3,3,,0,0,0,0
1720334777213,1,1010123456002,72,,1,0,50,1,1,,0,0,0,0,0,0,8.66667,,0,0,0,0,0,0,0,0,0,,0,0,,0,0,0,0
1720334777463,1,1010123456002,72,,1,0,50,1,1,,0,0,0,0,0,0,8.66667,,0,0,0,0,0,0,0,0,0,,0,0,,0,0,0,0
1720334777713,1,1010123456002,72,,1,0,50,1,1,,0,0,0,0,0,0,9,,0,0,0,0,0,0,0,0,0,,0,0,,0,0,0,0
1720334777963,1,1010123456002,72,,1,0,50,1,1,,0,0,0,0,0,0,8.57143,,0,0,0,0,0,0,0,0,0,,0,0,,0,0,0,0
1720334778213,1,1010123456002,72,,1,0,50,1,1,,0,0,0,0,0,0,8.66667,,0,0,0,0,0,0,0,0,0,,0,0,,0,0,0,0
1720334778463,1,1010123456002,72,,1,0,50,1,1,,0,0,0,0,0,0,8.66667,,0,0,0,0,0,0,0,0,0,,0,0,,0,0,0,0
1720334778713,1,1010123456002,72,,1,0,50,1,1,,0,0,0,0,0,0,9,,0,0,0,0,0,0,0,0,0,,0,0,,0,0,0,0
1720334778963,1,1010123456002,72,,1,0,50,1,1,,0,0,0,0,0,0,9,,0,0,0,0,0,0,0,0,0,,0,0,,0,0,0,0
1720334779213,1,1010123456002,72,,1,0,50,1,1,,0,0,0,0,0,0,8.66667,,0,0,0,0,0,0,0,0,0,,0,0,,0,0,0,0
1720334779463,1,1010123456002,72,,1,0,50,1,1,,13,4,0,0.00272,1,0,9,,0,0,0,0,0,0,0,0,0,,3,3,,0,0,0,0
1720334779713,1,1010123456002,72,,1,0,50,1,1,,0,0,0,0,0,0,8.66667,,0,0,0,0,0,0,0,0,0,,0,0,,0,0,0,0
1720334779963,1,1010123456002,72,,1,0,50,1,1,,0,0,0,0,0,0,8.71429,,0,0,0,0,0,0,0,0,0,,0,0,,0,0,0,0
1720334780213,1,1010123456002,72,,1,0,50,1,1,,0,0,0,0,0,0,8.83333,,0,0,0,0,0,0,0,0,0,,0,0,,0,0,0,0
1720334780463,1,1010123456002,72,,1,0,50,1,1,,0,0,0,0,0,0,8.83333,,0,0,0,0,0,0,0,0,0,,0,0,,0,0,0,0
1720334780713,1,1010123456002,72,,1,0,50,1,1,,0,0,0,0,0,0,8.5,,0,0,0,0,0,0,0,0,0,,0,0,,0,0,0,0
1720334780963,1,1010123456002,72,,1,0,50,1,1,,0,0,0,0,0,0,8.71429,,0,0,0,0,0,0,0,0,0,,0,0,,0,0,0,0
1720334781213,1,1010123456002,72,,1,0,50,1,1,,0,0,0,0,0,0,8.66667,,0,0,0,0,0,0,0,0,0,,0,0,,0,0,0,0
1720334781463,1,1010123456002,72,,1,0,50,1,1,,0,0,0,0,0,0,9,,0,0,0,0,0,0,0,0,0,,0,0,,0,0,0,0
1720334781713,1,1010123456002,72,,1,0,50,1,1,,0,0,0,0,0,0,8.5,,0,0,0,0,0,0,0,0,0,,0,0,,0,0,0,0
1720334781963,1,1010123456002,72,,1,0,50,1,1,,0,0,0,0,0,0,8.71429,,0,0,0,0,0,0,0,0,0,,0,0,,0,0,0,0
1720334782213,1,1010123456002,72,,1,0,50,1,1,,0,0,0,0,0,0,8.5,,0,0,0,0,0,0,0,0,0,,0,0,,0,0,0,0
1720334782463,1,1010123456002,72,,1,0,50,1,1,,0,0,0,0,0,0,9,,0,0,0,0,0,0,0,0,0,,0,0,,0,0,0,0
1720334782713,1,1010123456002,72,,1,0,50,1,1,,0,0,0,0,0,0,9,,0,0,0,0,0,0,0,0,0,,0,0,,0,0,0,0
1720334782963,1,1010123456002,72,,1,0,50,1,1,,0,0,0,0,0,0,9,,0,0,0,0,0,0,0,0,0,,0,0,,0,0,0,0
1720334783213,1,1010123456002,72,,1,0,50,1,1,,0,0,0,0,0,0,9,,0,0,0,0,0,0,0,0,0,,0,0,,0,0,0,0
1720334783463,1,1010123456002,72,,1,0,50,1,1,,0,0,0,0,0,0,9,,0,0,0,0,0,0,0,0,0,,0,0,,0,0,0,0
1720334783713,1,1010123456002,72,,1,0,50,1,1,,0,0,0,0,0,0,8.5,,0,0,0,0,0,0,0,0,0,,0,0,,0,0,0,0
1720334783963,1,1010123456002,72,,1,0,50,1,1,,0,0,0,0,0,0,9,,0,0,0,0,0,0,0,0,0,,0,0,,0,0,0,0
1720334784213,1,1010123456002,72,,1,0,50,1,1,,0,0,0,0,0,0,9,,0,0,0,0,0,0,0,0,0,,0,0,,0,0,0,0
1720334784463,1,1010123456002,72,,1,0,50,1,1,,0,0,0,0,0,0,8.83333,,0,0,0,0,0,0,0,0,0,,0,0,,0,0,0,0
1720334784713,1,1010123456002,72,,1,0,50,1,1,,0,0,0,0,0,0,8.83333,,0,0,0,0,0,0,0,0,0,,0,0,,0,0,0,0
1720334784963,1,1010123456002,72,,1,0,50,1,1,,0,0,0,0,0,0,9,,0,0,0,0,0,0,0,0,0,,0,0,,0,0,0,0
1720334785213,1,1010123456002,72,,1,0,50,1,1,,0,0,0,0,0,0,9,,0,0,0,0,0,0,0,0,0,,0,0,,0,0,0,0
1720334785463,1,1010123456002,72,,1,0,50,1,1,,0,0,0,0,0,0,8.5,,0,0,0,0,0,0,0,0,0,,0,0,,0,0,0,0
1720334785713,1,1010123456002,72,,1,0,50,1,1,,0,0,0,0,0,0,8.83333,,0,0,0,0,0,0,0,0,0,,0,0,,0,0,0,0
1720334785963,1,1010123456002,72,,1,0,50,1,1,,0,0,0,0,0,0,8.71429,,0,0,0,0,0,0,0,0,0,,0,0,,0,0,0,0
1720334786213,1,1010123456002,72,,1,0,50,1,1,,0,0,0,0,0,0,9,,0,0,0,0,0,0,0,0,0,,0,0,,0,0,0,0
1720334786463,1,1010123456002,72,,1,0,50,1,1,,0,0,0,0,0,0,8.83333,,0,0,0,0,0,0,0,0,0,,0,0,,0,0,0,0
1720334786713,1,1010123456002,72,,1,0,50,1,1,,0,0,0,0,0,0,8.66667,,0,0,0,0,0,0,0,0,0,,0,0,,0,0,0,0
1720334786963,1,1010123456002,72,,1,0,50,1,1,,0,0,0,0,0,0,8.71429,,0,0,0,0,0,0,0,0,0,,0,0,,0,0,0,0
1720334787213,1,1010123456002,72,,1,0,50,1,1,,0,0,0,0,0,0,8.66667,,0,0,0,0,0,0,0,0,0,,0,0,,0,0,0,0
1720334787463,1,1010123456002,72,,1,0,50,1,1,,0,0,0,0,0,0,9,,0,0,0,0,0,0,0,0,0,,0,0,,0,0,0,0
1720334787713,1,1010123456002,72,,1,0,50,1,1,,0,0,0,0,0,0,9,,0,0,0,0,0,0,0,0,0,,0,0,,0,0,0,0
1720334787963,1,1010123456002,72,,1,0,50,1,1,,0,0,0,0,0,0,9,,0,0,0,0,0,0,0,0,0,,0,0,,0,0,0,0
1720334788213,1,1010123456002,72,,1,0,50,1,1,,0,0,0,0,0,0,8.66667,,0,0,0,0,0,0,0,0,0,,0,0,,0,0,0,0
1720334788463,1,1010123456002,72,,1,0,50,1,1,,0,0,0,0,0,0,9,,0,0,0,0,0,0,0,0,0,,0,0,,0,0,0,0
1720334788713,1,1010123456002,72,,1,0,50,1,1,,0,0,0,0,0,0,8.66667,,0,0,0,0,0,0,0,0,0,,0,0,,0,0,0,0
1720334788963,1,1010123456002,72,,1,0,50,1,1,,0,0,0,0,0,0,9,,0,0,0,0,0,0,0,0,0,,0,0,,0,0,0,0
1720334789213,1,1010123456002,72,,1,0,50,1,1,,0,0,0,0,0,0,8.83333,,0,0,0,0,0,0,0,0,0,,0,0,,0,0,0,0
1720334789463,1,1010123456002,72,,1,0,50,1,1,,0,0,0,0,0,0,9,,0,0,0,0,0,0,0,0,0,,0,0,,0,0,0,0
1720334789713,1,1010123456002,72,,1,0,50,1,1,,0,0,0,0,0,0,9,,0,0,0,0,0,0,0,0,0,,0,0,,0,0,0,0
1720334789963,1,1010123456002,72,,1,0,50,1,1,,0,0,0,0,0,0,9,,0,0,0,0,0,0,0,0,0,,0,0,,0,0,0,0
1720334790213,1,1010123456002,72,,1,0,50,1,1,,0,0,0,0,0,0,9,,0,0,0,0,0,0,0,0,0,,0,0,,0,0,0,0
1720334790463,1,1010123456002,72,,1,0,50,1,1,,0,0,0,0,0,0,8.66667,,0,0,0,0,0,0,0,0,0,,0,0,,0,0,0,0
1720334790713,1,1010123456002,72,,1,0,50,1,1,,0,0,0,0,0,0,9,,0,0,0,0,0,0,0,0,0,,0,0,,0,0,0,0
1720334790963,1,1010123456002,72,,1,0,50,1,1,,0,0,0,0,0,0,8.57143,,0,0,0,0,0,0,0,0,0,,0,0,,0,0,0,0
1720334791213,1,1010123456002,72,,1,0,50,1,1,,0,0,0,0,0,0,8.83333,,0,0,0,0,0,0,0,0,0,,0,0,,0,0,0,0
1720334791463,1,1010123456002,72,,1,0,50,1,1,,0,0,0,0,0,0,8.83333,,0,0,0,0,0,0,0,0,0,,0,0,,0,0,0,0
1720334791713,1,1010123456002,72,,1,0,50,1,1,,0,0,0,0,0,0,8.66667,,0,0,0,0,0,0,0,0,0,,0,0,,0,0,0,0
1720334791963,1,1010123456002,72,,1,0,50,1,1,,0,0,0,0,0,0,9,,0,0,0,0,0,0,0,0,0,,0,0,,0,0,0,0
1720334792213,1,1010123456002,72,,1,0,50,1,1,,0,0,0,0,0,0,8.5,,0,0,0,0,0,0,0,0,0,,0,0,,0,0,0,0
1720334792463,1,1010123456002,72,,1,0,50,1,1,,0,0,0,0,0,0,8.5,,0,0,0,0,0,0,0,0,0,,0,0,,0,0,0,0
1720334792713,1,1010123456002,72,,1,0,50,1,1,,0,0,0,0,0,0,8.83333,,0,0,0,0,0,0,0,0,0,,0,0,,0,0,0,0
1720334792963,1,1010123456002,72,,1,0,50,1,1,,0,0,0,0,0,0,9,,0,0,0,0,0,0,0,0,0,,0,0,,0,0,0,0
1720334793213,1,1010123456002,72,,1,0,50,1,1,,0,0,0,0,0,0,8.83333,,0,0,0,0,0,0,0,0,0,,0,0,,0,0,0,0
1720334793463,1,1010123456002,72,,1,0,50,1,1,,0,0,0,0,0,0,8.66667,,0,0,0,0,0,0,0,0,0,,0,0,,0,0,0,0
1720334793713,1,1010123456002,72,,1,0,50,1,1,,0,0,0,0,0,0,8.66667,,0,0,0,0,0,0,0,0,0,,0,0,,0,0,0,0
1720334793963,1,1010123456002,72,,1,0,50,1,1,,0,0,0,0,0,0,9,,0,0,0,0,0,0,0,0,0,,0,0,,0,0,0,0
1720334794213,1,1010123456002,72,,1,0,50,1,1,,0,0,0,0,0,0,8.83333,,0,0,0,0,0,0,0,0,0,,0,0,,0,0,0,0
1720334794463,1,1010123456002,72,,1,0,50,1,1,,0,0,0,0,0,0,8.83333,,0,0,0,0,0,0,0,0,0,,0,0,,0,0,0,0
1720334794713,1,1010123456002,72,,1,0,50,1,1,,0,0,0,0,0,0,9,,0,0,0,0,0,0,0,0,0,,0,0,,0,0,0,0
1720334794963,1,1010123456002,72,,1,0,50,1,1,,0,0,0,0,0,0,8.85714,,0,0,0,0,0,0,0,0,0,,0,0,,0,0,0,0
1720334795213,1,1010123456002,72,,1,0,50,1,1,,0,0,0,0,0,0,8.83333,,0,0,0,0,0,0,0,0,0,,0,0,,0,0,0,0
1720334795463,1,1010123456002,72,,1,0,50,1,1,,0,0,0,0,0,0,9,,0,0,0,0,0,0,0,0,0,,0,0,,0,0,0,0
1720334795713,1,1010123456002,72,,1,0,50,1,1,,0,0,0,0,0,0,8.66667,,0,0,0,0,0,0,0,0,0,,0,0,,0,0,0,0
1720334795963,1,1010123456002,72,,1,0,50,1,1,,0,0,0,0,0,0,8.71429,,0,0,0,0,0,0,0,0,0,,0,0,,0,0,0,0
1720334796213,1,1010123456002,72,,1,0,50,1,1,,0,0,0,0,0,0,8.66667,,0,0,0,0,0,0,0,0,0,,0,0,,0,0,0,0
1720334796463,1,1010123456002,72,,1,0,50,1,1,,0,0,0,0,0,0,8.5,,0,0,0,0,0,0,0,0,0,,0,0,,0,0,0,0
1720334796713,1,1010123456002,72,,1,0,50,1,1,,0,0,0,0,0,0,8.66667,,0,0,0,0,0,0,0,0,0,,0,0,,0,0,0,0
1720334796963,1,1010123456002,72,,1,0,50,1,1,,0,0,0,0,0,0,8.85714,,0,0,0,0,0,0,0,0,0,,0,0,,0,0,0,0
1720334797213,1,1010123456002,72,,1,0,50,1,1,,0,0,0,0,0,0,8.83333,,0,0,0,0,0,0,0,0,0,,0,0,,0,0,0,0
1720334797463,1,1010123456002,72,,1,0,50,1,1,,0,0,0,0,0,0,8.5,,0,0,0,0,0,0,0,0,0,,0,0,,0,0,0,0
1720334797713,1,1010123456002,72,,1,0,50,1,1,,0,0,0,0,0,0,8.83333,,0,0,0,0,0,0,0,0,0,,0,0,,0,0,0,0
1720334797963,1,1010123456002,72,,1,0,50,1,1,,0,0,0,0,0,0,9,,0,0,0,0,0,0,0,0,0,,0,0,,0,0,0,0
1720334798213,1,1010123456002,72,,1,0,50,1,1,,0,0,0,0,0,0,9,,0,0,0,0,0,0,0,0,0,,0,0,,0,0,0,0
1720334798463,1,1010123456002,72,,1,0,50,1,1,,0,0,0,0,0,0,8.83333,,0,0,0,0,0,0,0,0,0,,0,0,,0,0,0,0
1720334798713,1,1010123456002,72,,1,0,50,1,1,,0,0,0,0,0,0,8.83333,,0,0,0,0,0,0,0,0,0,,0,0,,0,0,0,0
1720334798963,1,1010123456002,72,,1,0,50,1,1,,0,0,0,0,0,0,8.57143,,0,0,0,0,0,0,0,0,0,,0,0,,0,0,0,0
1720334799213,1,1010123456002,72,,1,0,50,1,1,,0,0,0,0,0,0,8.66667,,0,0,0,0,0,0,0,0,0,,0,0,,0,0,0,0
1720334799463,1,1010123456002,72,,1,0,50,1,1,,0,0,0,0,0,0,8.83333,,0,0,0,0,0,0,0,0,0,,0,0,,0,0,0,0
1720334799713,1,1010123456002,72,,1,0,50,1,1,,0,0,0,0,0,0,8.83333,,0,0,0,0,0,0,0,0,0,,0,0,,0,0,0,0
1720334799963,1,1010123456002,72,,1,0,50,1,1,,0,0,0,0,0,0,8.71429,,0,0,0,0,0,0,0,0,0,,0,0,,0,0,0,0
1720334800213,1,1010123456002,72,,1,0,50,1,1,,0,0,0,0,0,0,8.33333,,0,0,0,0,0,0,0,0,0,,0,0,,0,0,0,0
1720334800463,1,1010123456002,72,,1,0,50,1,1,,0,0,0,0,0,0,8.66667,,0,0,0,0,0,0,0,0,0,,0,0,,0,0,0,0
1720334800713,1,1010123456002,72,,1,0,50,1,1,,0,0,0,0,0,0,8.5,,0,0,0,0,0,0,0,0,0,,0,0,,0,0,0,0
1720334800963,1,1010123456002,72,,1,0,50,1,1,,0,0,0,0,0,0,9,,0,0,0,0,0,0,0,0,0,,0,0,,0,0,0,0
1720334801213,1,1010123456002,72,,1,0,50,1,1,,0,0,0,0,0,0,8.83333,,0,0,0,0,0,0,0,0,0,,0,0,,0,0,0,0
1720334801463,1,1010123456002,72,,1,0,50,1,1,,0,0,0,0,0,0,8.66667,,0,0,0,0,0,0,0,0,0,,0,0,,0,0,0,0
1720334801713,1,1010123456002,72,,1,0,50,1,1,,0,0,0,0,0,0,9,,0,0,0,0,0,0,0,0,0,,0,0,,0,0,0,0
1720334801963,1,1010123456002,72,,1,0,50,1,1,,0,0,0,0,0,0,8.85714,,0,0,0,0,0,0,0,0,0,,0,0,,0,0,0,0
1720334802213,1,1010123456002,72,,1,0,50,1,1,,0,0,0,0,0,0,9,,0,0,0,0,0,0,0,0,0,,0,0,,0,0,0,0
1720334802463,1,1010123456002,72,,1,0,50,1,1,,0,0,0,0,0,0,8.66667,,0,0,0,0,0,0,0,0,0,,0,0,,0,0,0,0
1720334802713,1,1010123456002,72,,1,0,50,1,1,,0,0,0,0,0,0,8.66667,,0,0,0,0,0,0,0,0,0,,0,0,,0,0,0,0
1720334802963,1,1010123456002,72,,1,0,50,1,1,,0,0,0,0,0,0,8.71429,,0,0,0,0,0,0,0,0,0,,0,0,,0,0,0,0
1720334803213,1,1010123456002,72,,1,0,50,1,1,,0,0,0,0,0,0,9,,0,0,0,0,0,0,0,0,0,,0,0,,0,0,0,0
1720334803463,1,1010123456002,72,,1,0,50,1,1,,0,0,0,0,0,0,8.83333,,0,0,0,0,0,0,0,0,0,,0,0,,0,0,0,0
1720334803713,1,1010123456002,72,,1,0,50,1,1,,0,0,0,0,0,0,9,,0,0,0,0,0,0,0,0,0,,0,0,,0,0,0,0
1720334803963,1,1010123456002,72,,1,0,50,1,1,,0,0,0,0,0,0,8.57143,,0,0,0,0,0,0,0,0,0,,0,0,,0,0,0,0
1720334804213,1,1010123456002,72,,1,0,50,1,1,,0,0,0,0,0,0,8.5,,0,0,0,0,0,0,0,0,0,,0,0,,0,0,0,0
1720334804463,1,1010123456002,72,,1,0,50,1,1,,0,0,0,0,0,0,8.66667,,0,0,0,0,0,0,0,0,0,,0,0,,0,0,0,0
1720334804713,1,1010123456002,72,,1,0,50,1,1,,0,0,0,0,0,0,8.83333,,0,0,0,0,0,0,0,0,0,,0,0,,0,0,0,0
1720334804963,1,1010123456002,72,,1,0,50,1,1,,0,0,0,0,0,0,8.85714,,0,0,0,0,0,0,0,0,0,,0,0,,0,0,0,0
1720334805213,1,1010123456002,72,,1,0,50,1,1,,0,0,0,0,0,0,9,,0,0,0,0,0,0,0,0,0,,0,0,,0,0,0,0
1720334805463,1,1010123456002,72,,1,0,50,1,1,,14,4,0,0.002976,1,0,8.83333,,0,0,0,0,0,0,0,0,0,,3,3,,0,0,0,0
1720334805713,1,1010123456002,72,,1,0,50,1,1,,0,0,0,0,0,0,8.83333,,0,0,0,0,0,0,0,0,0,,0,0,,0,0,0,0
1720334805963,1,1010123456002,72,,1,0,50,1,1,,0,0,0,0,0,0,8.71429,,0,0,0,0,0,0,0,0,0,,0,0,,0,0,0,0
1720334806213,1,1010123456002,72,,1,0,50,1,1,,0,0,0,0,0,0,8.66667,,0,0,0,0,0,0,0,0,0,,0,0,,0,0,0,0
1720334806463,1,1010123456002,72,,1,0,50,1,1,,0,0,0,0,0,0,9,,0,0,0,0,0,0,0,0,0,,0,0,,0,0,0,0
1720334806713,1,1010123456002,72,,1,0,50,1,1,,0,0,0,0,0,0,8.83333,,0,0,0,0,0,0,0,0,0,,0,0,,0,0,0,0
1720334806963,1,1010123456002,72,,1,0,50,1,1,,0,0,0,0,0,0,8.85714,,0,0,0,0,0,0,0,0,0,,0,0,,0,0,0,0
1720334807213,1,1010123456002,72,,1,0,50,1,1,,0,0,0,0,0,0,9,,0,0,0,0,0,0,0,0,0,,0,0,,0,0,0,0
1720334807463,1,1010123456002,72,,1,0,50,1,1,,0,0,0,0,0,0,8.66667,,0,0,0,0,0,0,0,0,0,,0,0,,0,0,0,0
1720334807713,1,1010123456002,72,,1,0,50,1,1,,0,0,0,0,0,0,8.66667,,0,0,0,0,0,0,0,0,0,,0,0,,0,0,0,0
1720334807963,1,1010123456002,72,,1,0,50,1,1,,0,0,0,0,0,0,8.42857,,0,0,0,0,0,0,0,0,0,,0,0,,0,0,0,0
1720334808213,1,1010123456002,72,,1,0,50,1,1,,0,0,0,0,0,0,8.83333,,0,0,0,0,0,0,0,0,0,,0,0,,0,0,0,0
1720334808463,1,1010123456002,72,,1,0,50,1,1,,0,0,0,0,0,0,9,,0,0,0,0,0,0,0,0,0,,0,0,,0,0,0,0
1720334808713,1,1010123456002,72,,1,0,50,1,1,,0,0,0,0,0,0,8.5,,0,0,0,0,0,0,0,0,0,,0,0,,0,0,0,0
1720334808963,1,1010123456002,72,,1,0,50,1,1,,0,0,0,0,0,0,8.57143,,0,0,0,0,0,0,0,0,0,,0,0,,0,0,0,0
1720334809213,1,1010123456002,72,,1,0,50,1,1,,0,0,0,0,0,0,8.5,,0,0,0,0,0,0,0,0,0,,0,0,,0,0,0,0
1720334809463,1,1010123456002,72,,1,0,50,1,1,,0,0,0,0,0,0,8.66667,,0,0,0,0,0,0,0,0,0,,0,0,,0,0,0,0
1720334809713,1,1010123456002,72,,1,0,50,1,1,,0,0,0,0,0,0,8.83333,,0,0,0,0,0,0,0,0,0,,0,0,,0,0,0,0
1720334809963,1,1010123456002,72,,1,0,50,1,1,,0,0,0,0,0,0,9,,0,0,0,0,0,0,0,0,0,,0,0,,0,0,0,0
1720334810213,1,1010123456002,72,,1,0,50,1,1,,0,0,0,0,0,0,8.83333,,0,0,0,0,0,0,0,0,0,,0,0,,0,0,0,0
1720334810463,1,1010123456002,72,,1,0,50,1,1,,10.7143,7,0,0.004224,2,0,8.5,,0,0,0,0,0,0,0,0,0,,6,6,,0,0,0,0
1720334810713,1,1010123456002,72,,1,0,50,1,1,,0,0,0,0,0,0,8.83333,,0,0,0,0,0,0,0,0,0,,0,0,,0,0,0,0
1720334810963,1,1010123456002,72,,1,0,50,1,1,,0,0,0,0,0,0,9,,0,0,0,0,0,0,0,0,0,,0,0,,0,0,0,0
1720334811213,1,1010123456002,72,,1,0,50,1,1,,0,0,0,0,0,0,8.83333,,0,0,0,0,0,0,0,0,0,,0,0,,0,0,0,0
1720334811463,1,1010123456002,72,,1,0,50,1,1,,0,0,0,0,0,0,8.66667,,0,0,0,0,0,0,0,0,0,,0,0,,0,0,0,0
1720334811713,1,1010123456002,72,,1,0,50,1,1,,0,0,0,0,0,0,8.83333,,0,0,0,0,0,0,0,0,0,,0,0,,0,0,0,0
1720334811963,1,1010123456002,72,,1,0,50,1,1,,0,0,0,0,0,0,8.71429,,0,0,0,0,0,0,0,0,0,,0,0,,0,0,0,0
1720334812213,1,1010123456002,72,,1,0,50,1,1,,0,0,0,0,0,0,8.83333,,0,0,0,0,0,0,0,0,0,,0,0,,0,0,0,0
1720334812463,1,1010123456002,72,,1,0,50,1,1,,0,0,0,0,0,0,9,,0,0,0,0,0,0,0,0,0,,0,0,,0,0,0,0
1720334812713,1,1010123456002,72,,1,0,50,1,1,,0,0,0,0,0,0,8.83333,,0,0,0,0,0,0,0,0,0,,0,0,,0,0,0,0
1720334812963,1,1010123456002,72,,1,0,50,1,1,,0,0,0,0,0,0,9,,0,0,0,0,0,0,0,0,0,,0,0,,0,0,0,0
1720334813213,1,1010123456002,72,,1,0,50,1,1,,0,0,0,0,0,0,9,,0,0,0,0,0,0,0,0,0,,0,0,,0,0,0,0
1720334813463,1,1010123456002,72,,1,0,50,1,1,,0,0,0,0,0,0,8.83333,,0,0,0,0,0,0,0,0,0,,0,0,,0,0,0,0
1720334813713,1,1010123456002,72,,1,0,50,1,1,,0,0,0,0,0,0,8.83333,,0,0,0,0,0,0,0,0,0,,0,0,,0,0,0,0
1720334813963,1,1010123456002,72,,1,0,50,1,1,,0,0,0,0,0,0,9,,0,0,0,0,0,0,0,0,0,,0,0,,0,0,0,0
1720334814213,1,1010123456002,72,,1,0,50,1,1,,0,0,0,0,0,0,9,,0,0,0,0,0,0,0,0,0,,0,0,,0,0,0,0
1720334814463,1,1010123456002,72,,1,0,50,1,1,,0,0,0,0,0,0,8.66667,,0,0,0,0,0,0,0,0,0,,0,0,,0,0,0,0
1720334814713,1,1010123456002,72,,1,0,50,1,1,,0,0,0,0,0,0,8.83333,,0,0,0,0,0,0,0,0,0,,0,0,,0,0,0,0
1720334814963,1,1010123456002,72,,1,0,50,1,1,,0,0,0,0,0,0,8.85714,,0,0,0,0,0,0,0,0,0,,0,0,,0,0,0,0
1720334815213,1,1010123456002,72,,1,0,50,1,1,,0,0,0,0,0,0,8.83333,,0,0,0,0,0,0,0,0,0,,0,0,,0,0,0,0
1720334815463,1,1010123456002,72,,1,0,50,1,1,,0,0,0,0,0,0,8.5,,0,0,0,0,0,0,0,0,0,,0,0,,0,0,0,0
1720334815713,1,1010123456002,72,,1,0,50,1,1,,0,0,0,0,0,0,8.83333,,0,0,0,0,0,0,0,0,0,,0,0,,0,0,0,0
1720334815963,1,1010123456002,72,,1,0,50,1,1,,0,0,0,0,0,0,8.71429,,0,0,0,0,0,0,0,0,0,,0,0,,0,0,0,0
1720334816213,1,1010123456002,72,,1,0,50,1,1,,0,0,0,0,0,0,8.83333,,0,0,0,0,0,0,0,0,0,,0,0,,0,0,0,0
1720334816463,1,1010123456002,72,,1,0,50,1,1,,0,0,0,0,0,0,8.5,,0,0,0,0,0,0,0,0,0,,0,0,,0,0,0,0
1720334816713,1,1010123456002,72,,1,0,50,1,1,,0,0,0,0,0,0,8.83333,,0,0,0,0,0,0,0,0,0,,0,0,,0,0,0,0
1720334816963,1,1010123456002,72,,1,0,50,1,1,,0,0,0,0,0,0,8.85714,,0,0,0,0,0,0,0,0,0,,0,0,,0,0,0,0
1720334817213,1,1010123456002,72,,1,0,50,1,1,,0,0,0,0,0,0,8.66667,,0,0,0,0,0,0,0,0,0,,0,0,,0,0,0,0
1720334817463,1,1010123456002,72,,1,0,50,1,1,,0,0,0,0,0,0,9,,0,0,0,0,0,0,0,0,0,,0,0,,0,0,0,0
1720334817713,1,1010123456002,72,,1,0,50,1,1,,0,0,0,0,0,0,8.5,,0,0,0,0,0,0,0,0,0,,0,0,,0,0,0,0
1720334817963,1,1010123456002,72,,1,0,50,1,1,,0,0,0,0,0,0,8.85714,,0,0,0,0,0,0,0,0,0,,0,0,,0,0,0,0
1720334818213,1,1010123456002,72,,1,0,50,1,1,,0,0,0,0,0,0,8.83333,,0,0,0,0,0,0,0,0,0,,0,0,,0,0,0,0
1720334818463,1,1010123456002,72,,1,0,50,1,1,,0,0,0,0,0,0,8.33333,,0,0,0,0,0,0,0,0,0,,0,0,,0,0,0,0
1720334818713,1,1010123456002,72,,1,0,50,1,1,,0,0,0,0,0,0,9,,0,0,0,0,0,0,0,0,0,,0,0,,0,0,0,0
1720334818963,1,1010123456002,72,,1,0,50,1,1,,0,0,0,0,0,0,8.71429,,0,0,0,0,0,0,0,0,0,,0,0,,0,0,0,0
1720334819213,1,1010123456002,72,,1,0,50,1,1,,0,0,0,0,0,0,9,,0,0,0,0,0,0,0,0,0,,0,0,,0,0,0,0
1720334819463,1,1010123456002,72,,1,0,50,1,1,,9,4,0,0.001824,1,0,8.83333,,12.4286,14,0,0.1,4,0,0,36.3043,31,,3,3,,0,0,0,1
1720334819713,1,1010123456002,72,,1,0,50,1,1,,0,0,0,0,0,0,8.83333,,0,0,0,0,0,0,0,0,0,,0,0,,0,0,0,0
1720334819963,1,1010123456002,72,,1,0,50,1,1,,0,0,0,0,0,0,9,,0,0,0,0,0,0,0,0,0,,0,0,,0,0,0,0
1720334820213,1,1010123456002,72,,1,0,50,1,1,,0,0,0,0,0,0,8.83333,,0,0,0,0,0,0,0,0,0,,0,0,,0,0,0,0
1720334820463,1,1010123456002,72,,1,0,50,1,1,,0,0,0,0,0,0,8.66667,,0,0,0,0,0,0,0,0,0,,0,0,,0,0,0,0
1720334820713,1,1010123456002,72,,1,0,50,1,1,,0,0,0,0,0,0,8.83333,,0,0,0,0,0,0,0,0,0,,0,0,,0,0,0,0
1720334820963,1,1010123456002,72,,1,0,50,1,1,,0,0,0,0,0,0,9,,0,0,0,0,0,0,0,0,0,,0,0,,0,0,0,0
1720334821213,1,1010123456002,72,,1,0,50,1,1,,0,0,0,0,0,0,8.83333,,0,0,0,0,0,0,0,0,0,,0,0,,0,0,0,0
1720334821463,1,1010123456002,72,,1,0,50,1,1,,0,0,0,0,0,0,9,,0,0,0,0,0,0,0,0,0,,0,0,,0,0,0,0
1720334821713,1,1010123456002,72,,1,0,50,1,1,,0,0,0,0,0,0,9,,0,0,0,0,0,0,0,0,0,,0,0,,0,0,0,0
1720334821963,1,1010123456002,72,,1,0,50,1,1,,0,0,0,0,0,0,9,,0,0,0,0,0,0,0,0,0,,0,0,,0,0,0,0
1720334822213,1,1010123456002,72,,1,0,50,1,1,,0,0,0,0,0,0,8.33333,,0,0,0,0,0,0,0,0,0,,0,0,,0,0,0,0
1720334822463,1,1010123456002,72,,1,0,50,1,1,,0,0,0,0,0,0,8.66667,,0,0,0,0,0,0,0,0,0,,0,0,,0,0,0,0
1720334822713,1,1010123456002,72,,1,0,50,1,1,,0,0,0,0,0,0,9,,0,0,0,0,0,0,0,0,0,,0,0,,0,0,0,0
1720334822963,1,1010123456002,72,,1,0,50,1,1,,0,0,0,0,0,0,8.85714,,0,0,0,0,0,0,0,0,0,,0,0,,0,0,0,0
1720334823213,1,1010123456002,72,,1,0,50,1,1,,0,0,0,0,0,0,8.5,,0,0,0,0,0,0,0,0,0,,0,0,,0,0,0,0
1720334823463,1,1010123456002,72,,1,0,50,1,1,,0,0,0,0,0,0,8.66667,,0,0,0,0,0,0,0,0,0,,0,0,,0,0,0,0
1720334823713,1,1010123456002,72,,1,0,50,1,1,,0,0,0,0,0,0,8.83333,,0,0,0,0,0,0,0,0,0,,0,0,,0,0,0,0
1720334823963,1,1010123456002,72,,1,0,50,1,1,,0,0,0,0,0,0,8.71429,,0,0,0,0,0,0,0,0,0,,0,0,,0,0,0,0
1720334824213,1,1010123456002,72,,1,0,50,1,1,,0,0,0,0,0,0,9,,0,0,0,0,0,0,0,0,0,,0,0,,0,0,0,0
1720334824463,1,1010123456002,72,,1,0,50,1,1,,0,0,0,0,0,0,8.33333,,0,0,0,0,0,0,0,0,0,,0,0,,0,0,0,0
1720334824713,1,1010123456002,72,,1,0,50,1,1,,0,0,0,0,0,0,8.83333,,0,0,0,0,0,0,0,0,0,,0,0,,0,0,0,0
1720334824963,1,1010123456002,72,,1,0,50,1,1,,0,0,0,0,0,0,8.57143,,0,0,0,0,0,0,0,0,0,,0,0,,0,0,0,0
1720334825213,1,1010123456002,72,,1,0,50,1,1,,0,0,0,0,0,0,8.83333,,0,0,0,0,0,0,0,0,0,,0,0,,0,0,0,0
1720334825463,1,1010123456002,72,,1,0,50,1,1,,0,0,0,0,0,0,8.83333,,0,0,0,0,0,0,0,0,0,,0,0,,0,0,0,0
1720334825713,1,1010123456002,72,,1,0,50,1,1,,0,0,0,0,0,0,8.5,,0,0,0,0,0,0,0,0,0,,0,0,,0,0,0,0
1720334825963,1,1010123456002,72,,1,0,50,1,1,,0,3,0,0.001824,1,0,9,,0,0,0,0,0,0,0,0,0,,3,3,,0,0,0,0
1720334826213,1,1010123456002,72,,1,0,50,1,1,,0,0,0,0,0,0,8.66667,,13.2857,7,0,0.1,2,0,0,35.4718,31,,0,0,,0,0,0,1
1720334826463,1,1010123456002,72,,1,0,50,1,1,,0,0,0,0,0,0,8.66667,,0,0,0,0,0,0,0,0,0,,0,0,,0,0,0,0
1720334826713,1,1010123456002,72,,1,0,50,1,1,,0,0,0,0,0,0,9,,0,0,0,0,0,0,0,0,0,,0,0,,0,0,0,0
1720334826963,1,1010123456002,72,,1,0,50,1,1,,0,0,0,0,0,0,8.57143,,0,0,0,0,0,0,0,0,0,,0,0,,0,0,0,0
1720334827213,1,1010123456002,72,,1,0,50,1,1,,0,0,0,0,0,0,8.66667,,0,0,0,0,0,0,0,0,0,,0,0,,0,0,0,0
